{"Top-5 accuracy":15.840000000000002,"_timestamp":1.7376180769159925e+09,"_wandb":{"runtime":1},"_runtime":1.5182766170000002,"_step":0,"Top-1 accuracy":7.739999999999999}