{"_timestamp":1.7382674217863069e+09,"_runtime":0.607717663,"_step":0,"_wandb":{"runtime":0},"Modified Top-1 accuracy":61.55399680137634,"Modified Top-5 accuracy":88.80599737167358}