{"_runtime":0.69032013,"_step":0,"_wandb":{"runtime":0},"Top-1 accuracy":0.714,"Top-5 accuracy":1.822,"_timestamp":1.7376416372092636e+09}