{"Modified Top-5 accuracy":88.81199955940247,"Raw vs. Projection Cosine Similarity Variance":0.0012454986572265625,"Pairwise Original Top-k Embedding Preservation":0.7630180419921875,"_timestamp":1.7430913365411143e+09,"Raw vs. Projection Cosine Similarity":0.9658203125,"_wandb":{"runtime":0},"Modified Top-1 accuracy":63.22599649429321,"Candidate Preservation":0.999157080078125,"Modified Cosine Similarity":0.9991131218112245,"_step":0,"_runtime":0.593689157,"Pairwise Modified Top-k Embedding Preservation":0.763034365234375}