{"_step":0,"_wandb":{"runtime":0},"Modified Cosine Similarity":0.8007324897513097,"_runtime":0.661650809,"Modified Top-1 accuracy":61.92600131034851,"Raw vs. Projection Cosine Similarity":0.80078125,"Pairwise Original Top-k Embedding Preservation":0.7363510791015625,"Candidate Preservation":0.800727958984375,"Pairwise Modified Top-k Embedding Preservation":0.897067080078125,"_timestamp":1.7430671408898864e+09,"Raw vs. Projection Cosine Similarity Variance":8.922815322875977e-05,"Modified Top-5 accuracy":88.81199955940247}