{"_step":0,"_wandb":{"runtime":1},"Top-1 accuracy":7.394,"Top-5 accuracy":15.998000000000001,"_timestamp":1.7376126903503397e+09,"_runtime":1.207750977}