{"_step":0,"Top-1 accuracy":29.909999999999997,"Top-5 accuracy":50.78,"_wandb":{"runtime":0},"_timestamp":1.7376350829689002e+09,"_runtime":0.595823758}