{"Candidate Preservation":0.999562451171875,"_wandb":{"runtime":0},"Raw vs. Projection Cosine Similarity Variance":0.0005650520324707031,"Modified Cosine Similarity":0.999641262755102,"Raw vs. Projection Cosine Similarity":0.982421875,"Pairwise Original Top-k Embedding Preservation":0.7630180419921875,"_timestamp":1.7430913406045945e+09,"_runtime":0.53525696,"Modified Top-5 accuracy":88.81199955940247,"Pairwise Modified Top-k Embedding Preservation":0.76283380859375,"Modified Top-1 accuracy":63.273996114730835,"_step":0}