{"_timestamp":1.737634680280321e+09,"_runtime":0.815518459,"_step":0,"_wandb":{"runtime":0},"Top-1 accuracy":0,"Top-5 accuracy":0}