{"Top-1 accuracy":56.614,"Top-5 accuracy":85.16,"_timestamp":1.737657968976058e+09,"_wandb":{"runtime":0},"_runtime":0.675460131,"_step":0}