{"_runtime":0.916989323,"_step":0,"Modified Top-1 accuracy":62.922000885009766,"Modified Top-5 accuracy":88.80599737167358,"_wandb":{"runtime":1},"_timestamp":1.7382666244786975e+09}