{"Top-5 accuracy":0.53,"_wandb":{"runtime":0},"_timestamp":1.7376357016505158e+09,"_runtime":0.623035455,"_step":0,"Top-1 accuracy":0.252}