{"_timestamp":1.7430913398048189e+09,"Raw vs. Projection Cosine Similarity Variance":2.384185791015625e-07,"_wandb":{"runtime":0},"Modified Top-1 accuracy":63.2860004901886,"Pairwise Original Top-k Embedding Preservation":0.7630180419921875,"Modified Cosine Similarity":1,"Candidate Preservation":0.999990478515625,"Pairwise Modified Top-k Embedding Preservation":0.7629228173828125,"Modified Top-5 accuracy":88.81199955940247,"_runtime":0.521524643,"_step":0,"Raw vs. Projection Cosine Similarity":1}