{"Raw vs. Projection Cosine Similarity":0.51123046875,"_wandb":{"runtime":0},"_timestamp":1.7430919325979288e+09,"Candidate Preservation":0.999984736328125,"Modified Top-1 accuracy":63.297998905181885,"Pairwise Original Top-k Embedding Preservation":0.7630180419921875,"Raw vs. Projection Cosine Similarity Variance":0.00417327880859375,"_runtime":0.563489338,"_step":0,"Pairwise Modified Top-k Embedding Preservation":0.7629342919921875,"Modified Cosine Similarity":1,"Modified Top-5 accuracy":88.81199955940247}