{"_wandb":{"runtime":0},"Candidate Preservation":1.000083623046875,"_runtime":0.580628655,"Modified Top-5 accuracy":88.81199955940247,"Pairwise Modified Top-k Embedding Preservation":0.7489937158203125,"Raw vs. Projection Cosine Similarity":0.79638671875,"Pairwise Original Top-k Embedding Preservation":0.7489925341796875,"Raw vs. Projection Cosine Similarity Variance":7.587671279907227e-05,"Modified Cosine Similarity":1.0000970704214913,"_timestamp":1.7430900766569254e+09,"_step":0,"Modified Top-1 accuracy":58.72799754142761}