{"Modified Top-1 accuracy":62.97199726104736,"Modified Top-5 accuracy":88.80599737167358,"_timestamp":1.7382665637616901e+09,"_runtime":0.578506923,"_step":0,"_wandb":{"runtime":0}}