{"_wandb":{"runtime":1},"_runtime":1.348743714,"Modified Top-1 accuracy":50.80599784851074,"Raw vs. Projection Cosine Similarity":0.5927734375,"Pairwise Modified Top-k Embedding Preservation":0.98369212890625,"Raw vs. Projection Cosine Similarity Variance":0.0101776123046875,"_step":0,"Modified Cosine Similarity":0.8798927774234694,"Candidate Preservation":0.87993255859375,"_timestamp":1.7430928174262333e+09,"Pairwise Original Top-k Embedding Preservation":0.7630180419921875,"Modified Top-5 accuracy":88.81199955940247}