{"Modified Cosine Similarity":0.9540118781887755,"_step":0,"Raw vs. Projection Cosine Similarity":0.99853515625,"Pairwise Original Top-k Embedding Preservation":0.7630180419921875,"_timestamp":1.743092622868967e+09,"_wandb":{"runtime":0},"Candidate Preservation":0.9539535009765625,"Raw vs. Projection Cosine Similarity Variance":1.817941665649414e-05,"Modified Top-1 accuracy":55.889999866485596,"Pairwise Modified Top-k Embedding Preservation":0.6990987059593201,"Modified Top-5 accuracy":88.81199955940247,"_runtime":0.610799923}