{"_step":0,"_wandb":{"runtime":1},"Top-1 accuracy":54.58,"Top-5 accuracy":83.64,"_timestamp":1.7376066934462087e+09,"_runtime":1.059238191}