{"Raw vs. Projection Cosine Similarity":0.9658203125,"Modified Top-5 accuracy":88.81199955940247,"Pairwise Original Top-k Embedding Preservation":0.7630180419921875,"Raw vs. Projection Cosine Similarity Variance":0.0012454986572265625,"_step":0,"_wandb":{"runtime":0},"Modified Cosine Similarity":0.9981265943877551,"Candidate Preservation":0.9981698828125,"_timestamp":1.7430920340297415e+09,"_runtime":0.588805641,"Modified Top-1 accuracy":63.13599944114685,"Pairwise Modified Top-k Embedding Preservation":0.762985009765625}