{"Modified Top-5 accuracy":88.80599737167358,"_timestamp":1.7382665212346513e+09,"_runtime":0.565283232,"_wandb":{"runtime":0},"_step":0,"Modified Top-1 accuracy":49.33599829673767}