{"Top-5 accuracy":79.762,"_timestamp":1.7376198307186985e+09,"_runtime":1.022640305,"_step":0,"_wandb":{"runtime":1},"Top-1 accuracy":50.226000000000006}