{"_step":0,"_wandb":{"runtime":0},"Top-1 accuracy":59.64,"Top-5 accuracy":87.018,"_timestamp":1.7376289793337307e+09,"_runtime":0.547254463}