{"Modified Top-5 accuracy":81.178,"_timestamp":1.738013309243668e+09,"_runtime":0.63387353,"_step":0,"_wandb":{"runtime":0},"Modified Top-1 accuracy":55.086}