{"_runtime":0.920940356,"_step":0,"Top-1 accuracy":49.03,"_wandb":{"runtime":0},"Top-5 accuracy":76.432,"_timestamp":1.7376571648361723e+09}