{"_step":0,"Modified Top-1 accuracy":33.60799849033356,"Modified Top-5 accuracy":88.80599737167358,"_timestamp":1.7382664608242655e+09,"_runtime":1.156708288,"_wandb":{"runtime":1}}