{"_runtime":0.611531084,"_step":0,"Modified Top-1 accuracy":62.66399621963501,"_wandb":{"runtime":0},"Modified Top-5 accuracy":88.80599737167358,"_timestamp":1.738267425131965e+09}