{"_runtime":0.617710709,"_step":0,"Modified Top-1 accuracy":63.30599784851074,"Modified Top-5 accuracy":88.80599737167358,"_timestamp":1.738273798757292e+09,"_wandb":{"runtime":15}}