{"Modified Top-5 accuracy":88.81199955940247,"_step":0,"Modified Top-1 accuracy":63.297998905181885,"_runtime":0.560139773,"Pairwise Modified Top-k Embedding Preservation":0.7629342919921875,"Candidate Preservation":0.999984736328125,"Modified Cosine Similarity":1,"Pairwise Original Top-k Embedding Preservation":0.7630180419921875,"_timestamp":1.7430918350376844e+09,"_wandb":{"runtime":0},"Raw vs. Projection Cosine Similarity":0.541015625,"Raw vs. Projection Cosine Similarity Variance":0.0057220458984375}