{"_step":0,"_wandb":{"runtime":0},"Modified Top-1 accuracy":0.104,"Modified Top-5 accuracy":0.414,"_timestamp":1.7380162702269251e+09,"_runtime":0.568731905}