{"_runtime":0.618849863,"_step":0,"_wandb":{"runtime":0},"Top-1 accuracy":29.618,"Top-5 accuracy":50.492000000000004,"_timestamp":1.7376315807955573e+09}