{"_runtime":0.688143841,"_step":0,"Modified Top-1 accuracy":62.16999888420105,"_wandb":{"runtime":0},"Modified Top-5 accuracy":88.80599737167358,"_timestamp":1.7382665821856663e+09}