{"Modified Top-1 accuracy":63.30999732017517,"Modified Top-5 accuracy":88.80599737167358,"_wandb":{"runtime":0},"_timestamp":1.7382673568519127e+09,"_runtime":0.546854283,"_step":0}