{"Modified Top-1 accuracy":63.339996337890625,"Modified Cosine Similarity":0.9999202806122449,"Modified Top-5 accuracy":88.81199955940247,"Raw vs. Projection Cosine Similarity":0.99853515625,"_runtime":0.668174582,"Pairwise Modified Top-k Embedding Preservation":0.76085353515625,"_step":0,"Pairwise Original Top-k Embedding Preservation":0.7630180419921875,"Candidate Preservation":0.999886962890625,"Raw vs. Projection Cosine Similarity Variance":1.817941665649414e-05,"_timestamp":1.7430920345441387e+09,"_wandb":{"runtime":0}}