{"Pairwise Modified Top-k Embedding Preservation":0.7363599560546875,"_timestamp":1.7430900852684126e+09,"Raw vs. Projection Cosine Similarity":0.79638671875,"Pairwise Original Top-k Embedding Preservation":0.7489925341796875,"_runtime":0.543074993,"Modified Top-5 accuracy":88.81199955940247,"Raw vs. Projection Cosine Similarity Variance":7.587671279907227e-05,"Modified Cosine Similarity":0.906419571565122,"Candidate Preservation":0.906416171875,"_wandb":{"runtime":0},"_step":0,"Modified Top-1 accuracy":58.72799754142761}