{"_wandb":{"runtime":0},"Top-1 accuracy":16.919999999999998,"Top-5 accuracy":31.732,"_timestamp":1.7376261217358427e+09,"_runtime":0.600080458,"_step":0}