{"Modified Top-5 accuracy":88.81199955940247,"Candidate Preservation":0.999984736328125,"Raw vs. Projection Cosine Similarity":0.5556640625,"_runtime":0.612963371,"Raw vs. Projection Cosine Similarity Variance":0.006072998046875,"Pairwise Original Top-k Embedding Preservation":0.7630180419921875,"Modified Cosine Similarity":1,"Modified Top-1 accuracy":63.297998905181885,"_step":0,"_timestamp":1.7430918312821045e+09,"Pairwise Modified Top-k Embedding Preservation":0.7629342919921875,"_wandb":{"runtime":0}}