{"Modified Top-1 accuracy":58.73199701309204,"Modified Top-5 accuracy":88.81199955940247,"_step":0,"_runtime":0.581284268,"Raw vs. Projection Cosine Similarity":0.33251953125,"Pairwise Original Top-k Embedding Preservation":0.7489925341796875,"_wandb":{"runtime":0},"Pairwise Modified Top-k Embedding Preservation":0.7489922412109375,"Modified Cosine Similarity":1,"Raw vs. Projection Cosine Similarity Variance":0.005828857421875,"_timestamp":1.743067141195877e+09,"Candidate Preservation":1.00004505859375}