{"_wandb":{"runtime":0},"_runtime":0.821436531,"_step":0,"Top-1 accuracy":29.636000000000003,"Top-5 accuracy":50.483999999999995,"_timestamp":1.7376599646256542e+09}