{"_timestamp":1.7430673311603055e+09,"Modified Top-5 accuracy":88.81199955940247,"Modified Cosine Similarity":0.8007324885348884,"Raw vs. Projection Cosine Similarity":0.80078125,"Pairwise Original Top-k Embedding Preservation":0.7363510791015625,"_runtime":0.618956803,"_wandb":{"runtime":0},"Raw vs. Projection Cosine Similarity Variance":8.922815322875977e-05,"_step":0,"Modified Top-1 accuracy":61.92600131034851,"Pairwise Modified Top-k Embedding Preservation":0.897067080078125,"Candidate Preservation":0.800727958984375}