{"_step":0,"Top-1 accuracy":53.862,"_wandb":{"runtime":1},"Top-5 accuracy":81.978,"_timestamp":1.7376569636336906e+09,"_runtime":1.299400896}