{"_wandb":{"runtime":0},"Top-1 accuracy":52.908,"Top-5 accuracy":81.062,"_timestamp":1.7376056908075464e+09,"_runtime":0.726115102,"_step":0}