{"Pairwise Modified Top-k Embedding Preservation":0.9010724609375,"Candidate Preservation":0.796341982421875,"Pairwise Original Top-k Embedding Preservation":0.7489925341796875,"_runtime":0.561815619,"Raw vs. Projection Cosine Similarity Variance":7.587671279907227e-05,"Modified Top-1 accuracy":58.73799920082092,"Modified Cosine Similarity":0.7963427645819527,"_step":0,"Raw vs. Projection Cosine Similarity":0.79638671875,"_wandb":{"runtime":0},"Modified Top-5 accuracy":88.81199955940247,"_timestamp":1.743066938255113e+09}