{"_runtime":0.551354896,"_step":0,"Top-1 accuracy":42.431999999999995,"Top-5 accuracy":68.538,"_timestamp":1.7376158725620794e+09,"_wandb":{"runtime":0}}