{"_timestamp":1.737633459670523e+09,"_runtime":0.683869243,"_wandb":{"runtime":0},"_step":0,"Top-1 accuracy":0,"Top-5 accuracy":0}