{"_runtime":1.115706366,"_step":0,"_wandb":{"runtime":1},"Top-1 accuracy":60.68,"Top-5 accuracy":87.5,"_timestamp":1.73762306822158e+09}