{"_runtime":0.597792378,"_wandb":{"runtime":0},"_step":0,"Top-1 accuracy":9.46,"Top-5 accuracy":21.434,"_timestamp":1.737613363949386e+09}