{"Modified Top-1 accuracy":63.155996799468994,"Modified Top-5 accuracy":88.80599737167358,"_timestamp":1.7382675359105887e+09,"_runtime":0.69886498,"_wandb":{"runtime":0},"_step":0}