{"Top-1 accuracy":26.669999999999998,"Top-5 accuracy":46.617999999999995,"_timestamp":1.7376253191752996e+09,"_runtime":0.613710193,"_step":0,"_wandb":{"runtime":0}}