{"_runtime":0.562832697,"_step":0,"Top-1 accuracy":16.116,"Top-5 accuracy":31.744,"_timestamp":1.737612573575548e+09,"_wandb":{"runtime":0}}