{"_step":0,"_wandb":{"runtime":0},"Top-1 accuracy":4.016,"Top-5 accuracy":10.793999999999999,"_timestamp":1.737609206235046e+09,"_runtime":0.592574889}