{"Top-1 accuracy":18.67,"Top-5 accuracy":35.386,"_timestamp":1.7376526482622359e+09,"_runtime":0.780336203,"_step":0,"_wandb":{"runtime":0}}