{"_runtime":0.587495968,"Raw vs. Projection Cosine Similarity Variance":0.0057220458984375,"Modified Top-1 accuracy":63.28999996185303,"Pairwise Modified Top-k Embedding Preservation":0.706115126953125,"Raw vs. Projection Cosine Similarity":0.541015625,"Modified Top-5 accuracy":88.81199955940247,"_wandb":{"runtime":0},"Candidate Preservation":0.996474736328125,"_step":0,"Modified Cosine Similarity":0.996452487244898,"_timestamp":1.743091531426282e+09,"Pairwise Original Top-k Embedding Preservation":0.7630180419921875}