{"_timestamp":1.7382674631561413e+09,"_runtime":0.79075328,"_step":0,"_wandb":{"runtime":0},"Modified Top-1 accuracy":63.312000036239624,"Modified Top-5 accuracy":88.80599737167358}