{"_timestamp":1.7376281780168712e+09,"_runtime":0.589074572,"_step":0,"Top-1 accuracy":7.282,"_wandb":{"runtime":0},"Top-5 accuracy":17.172}