{"_step":0,"_wandb":{"runtime":1},"Modified Top-1 accuracy":75.532,"Modified Top-5 accuracy":94.574,"_timestamp":1.7381014632967634e+09,"_runtime":1.197691843}