{"Modified Top-1 accuracy":63.30599784851074,"Modified Top-5 accuracy":88.80599737167358,"_timestamp":1.7382742822715008e+09,"_runtime":0.575554189,"_step":0,"_wandb":{"runtime":15}}