{"_timestamp":1.7382735344735162e+09,"_runtime":0.688175932,"_step":0,"_wandb":{"runtime":71},"Modified Top-1 accuracy":63.293999433517456,"Modified Top-5 accuracy":88.80599737167358}