{"_step":0,"_wandb":{"runtime":0},"Top-1 accuracy":14.23,"Top-5 accuracy":30.470000000000002,"_timestamp":1.737636459809183e+09,"_runtime":0.640672198}