{"Pairwise Original Top-k Embedding Preservation":0.7630180419921875,"Modified Cosine Similarity":1,"Raw vs. Projection Cosine Similarity":1,"Raw vs. Projection Cosine Similarity Variance":2.384185791015625e-07,"_step":0,"Candidate Preservation":0.99998314453125,"_wandb":{"runtime":0},"Pairwise Modified Top-k Embedding Preservation":0.7629246435546875,"Modified Top-1 accuracy":63.30400109291077,"Modified Top-5 accuracy":88.81199955940247,"_timestamp":1.7430916311016161e+09,"_runtime":0.49650432}