{"Modified Top-1 accuracy":62.00399994850159,"Modified Top-5 accuracy":88.80599737167358,"_timestamp":1.7382666597117188e+09,"_runtime":0.800881158,"_step":0,"_wandb":{"runtime":1}}