{"_timestamp":1.738266468427683e+09,"_wandb":{"runtime":0},"_runtime":0.710926889,"_step":0,"Modified Top-1 accuracy":57.34800100326538,"Modified Top-5 accuracy":88.80599737167358}