{"Raw vs. Projection Cosine Similarity":0.80224609375,"Pairwise Modified Top-k Embedding Preservation":0.776416748046875,"_runtime":0.561911694,"_wandb":{"runtime":0},"Raw vs. Projection Cosine Similarity Variance":8.809566497802734e-05,"Candidate Preservation":0.9964958203125,"Modified Top-5 accuracy":88.81199955940247,"_timestamp":1.743088967912523e+09,"Modified Top-1 accuracy":63.32799792289734,"Pairwise Original Top-k Embedding Preservation":0.7630180419921875,"_step":0,"Modified Cosine Similarity":0.9964876856122699}