{"_step":0,"_wandb":{"runtime":18},"Modified Top-1 accuracy":63.30599784851074,"Modified Top-5 accuracy":88.80599737167358,"_timestamp":1.7382738944955099e+09,"_runtime":0.871779343}