{"Modified Top-1 accuracy":62.06200122833252,"_runtime":0.591117854,"_step":0,"Pairwise Original Top-k Embedding Preservation":0.7363510791015625,"Pairwise Modified Top-k Embedding Preservation":0.7530692431640625,"Raw vs. Projection Cosine Similarity Variance":8.922815322875977e-05,"Raw vs. Projection Cosine Similarity":0.80078125,"Candidate Preservation":0.78572400390625,"_timestamp":1.7430891561655688e+09,"_wandb":{"runtime":0},"Modified Cosine Similarity":0.7857223469383863,"Modified Top-5 accuracy":88.81199955940247}