{"_wandb":{"runtime":0},"_runtime":0.802811656,"_step":0,"Top-1 accuracy":3.676,"Top-5 accuracy":8.044,"_timestamp":1.7376428182912488e+09}