{"_runtime":0.658481046,"_step":0,"_wandb":{"runtime":0},"Top-1 accuracy":12.178,"Top-5 accuracy":25.774,"_timestamp":1.7376540875492995e+09}