{"_timestamp":1.737646494971297e+09,"_runtime":0.644228686,"_step":0,"Top-1 accuracy":10.744,"_wandb":{"runtime":0},"Top-5 accuracy":24.994}