{"_timestamp":1.7376185597861621e+09,"_wandb":{"runtime":0},"_runtime":0.680315692,"_step":0,"Top-1 accuracy":46.006,"Top-5 accuracy":73.55000000000001}