{"_runtime":1.2841155309999999,"_step":0,"Top-1 accuracy":29.908,"Top-5 accuracy":50.854,"_timestamp":1.737612462159382e+09,"_wandb":{"runtime":1}}