{"_wandb":{"runtime":0},"Modified Top-1 accuracy":62.69199848175049,"Modified Top-5 accuracy":88.80599737167358,"_timestamp":1.7382673913554037e+09,"_runtime":0.836647328,"_step":0}