{"Candidate Preservation":0.998071767578125,"Raw vs. Projection Cosine Similarity":0.982421875,"Pairwise Original Top-k Embedding Preservation":0.7630180419921875,"_wandb":{"runtime":0},"_runtime":0.571482488,"_step":0,"Raw vs. Projection Cosine Similarity Variance":0.0005650520324707031,"_timestamp":1.7430910209034371e+09,"Modified Top-1 accuracy":63.18199634552002,"Modified Cosine Similarity":0.9981066645408163,"Pairwise Modified Top-k Embedding Preservation":0.762826728515625,"Modified Top-5 accuracy":88.81199955940247}