{"Top-5 accuracy":83.622,"_timestamp":1.7376262397571597e+09,"_runtime":0.910308534,"_step":0,"Top-1 accuracy":54.596000000000004,"_wandb":{"runtime":0}}