{"Modified Top-5 accuracy":88.80599737167358,"_timestamp":1.738267449210584e+09,"_runtime":0.633797542,"_step":0,"_wandb":{"runtime":0},"Modified Top-1 accuracy":55.75399994850159}