{"_step":0,"_wandb":{"runtime":0},"Modified Top-1 accuracy":1.6,"Modified Top-5 accuracy":4.41,"_timestamp":1.7380162697680485e+09,"_runtime":0.599984451}