{"_wandb":{"runtime":0},"_timestamp":1.7376129152362187e+09,"_runtime":0.596121421,"_step":0,"Top-1 accuracy":48.974000000000004,"Top-5 accuracy":78.508}