{"Top-5 accuracy":73.27799999999999,"_timestamp":1.7376109663900595e+09,"_runtime":0.583785263,"_step":0,"_wandb":{"runtime":0},"Top-1 accuracy":46.276}