{"Pairwise Modified Top-k Embedding Preservation":0.7489930908203125,"Raw vs. Projection Cosine Similarity":0.79638671875,"_runtime":0.622206128,"Raw vs. Projection Cosine Similarity Variance":7.587671279907227e-05,"_wandb":{"runtime":0},"Modified Top-5 accuracy":88.81199955940247,"Pairwise Original Top-k Embedding Preservation":0.7489925341796875,"Candidate Preservation":1.000083642578125,"Modified Top-1 accuracy":58.72799754142761,"_step":0,"Modified Cosine Similarity":1.0000970679886487,"_timestamp":1.7430890641029973e+09}