{"Pairwise Original Top-k Embedding Preservation":0.7630180419921875,"Raw vs. Projection Cosine Similarity Variance":0.00417327880859375,"Pairwise Modified Top-k Embedding Preservation":0.946852744140625,"Modified Top-5 accuracy":88.81199955940247,"_timestamp":1.7430929184819243e+09,"Modified Cosine Similarity":0.9121890943877551,"_step":0,"Candidate Preservation":0.91225955078125,"Modified Top-1 accuracy":47.48599827289581,"_runtime":0.588536779,"_wandb":{"runtime":0},"Raw vs. Projection Cosine Similarity":0.51123046875}