{"_runtime":0.625149522,"_step":0,"Modified Top-1 accuracy":63.30599784851074,"Modified Top-5 accuracy":88.80599737167358,"_wandb":{"runtime":75},"_timestamp":1.7382738163034997e+09}