{"_runtime":0.609774524,"_timestamp":1.7430925277832003e+09,"Pairwise Original Top-k Embedding Preservation":0.7630180419921875,"Pairwise Modified Top-k Embedding Preservation":0.8956476953125,"_wandb":{"runtime":0},"Modified Top-1 accuracy":58.67199897766113,"Candidate Preservation":0.969410771484375,"Raw vs. Projection Cosine Similarity":0.51123046875,"Modified Top-5 accuracy":88.81199955940247,"Modified Cosine Similarity":0.9693777901785714,"_step":0,"Raw vs. Projection Cosine Similarity Variance":0.00417327880859375}