{"Top-1 accuracy":0.366,"Top-5 accuracy":0.898,"_wandb":{"runtime":0},"_timestamp":1.7376430175650456e+09,"_runtime":0.700746652,"_step":0}