{"_step":0,"_wandb":{"runtime":2},"Top-1 accuracy":13.372,"Top-5 accuracy":25.802000000000003,"_timestamp":1.737650212809457e+09,"_runtime":2.297055104}