{"Modified Top-5 accuracy":88.80599737167358,"_timestamp":1.7382664957336917e+09,"_runtime":0.857784919,"_step":0,"_wandb":{"runtime":0},"Modified Top-1 accuracy":61.77999973297119}