{"_timestamp":1.743067042672664e+09,"Pairwise Original Top-k Embedding Preservation":0.7363510791015625,"Modified Top-1 accuracy":61.243999004364014,"Pairwise Modified Top-k Embedding Preservation":0.666807841796875,"Modified Top-5 accuracy":88.81199955940247,"Modified Cosine Similarity":0.9920180963010204,"_step":0,"Raw vs. Projection Cosine Similarity":0.365234375,"_runtime":0.555613284,"Raw vs. Projection Cosine Similarity Variance":0.0058441162109375,"Candidate Preservation":0.992018193359375,"_wandb":{"runtime":0}}