{"_step":0,"_wandb":{"runtime":0},"Modified Top-1 accuracy":59.74,"Modified Top-5 accuracy":86.064,"_timestamp":1.738012424210867e+09,"_runtime":0.54204073}