{"_timestamp":1.737629990490106e+09,"_runtime":0.603373692,"_step":0,"_wandb":{"runtime":0},"Top-1 accuracy":46.276,"Top-5 accuracy":73.27799999999999}