{"_step":0,"Modified Top-1 accuracy":59.88199710845947,"Modified Top-5 accuracy":88.80599737167358,"_timestamp":1.7382664494406946e+09,"_runtime":0.872052715,"_wandb":{"runtime":1}}