{"Modified Top-1 accuracy":63.32600116729736,"Modified Top-5 accuracy":88.80599737167358,"_wandb":{"runtime":125},"Modified Cosine Similarity":1,"_timestamp":1.7386330343431294e+09,"_runtime":1.822784035,"_step":0}