{"_step":0,"_wandb":{"runtime":1},"Modified Top-1 accuracy":62.66399621963501,"Modified Top-5 accuracy":88.80599737167358,"_timestamp":1.7382675695964105e+09,"_runtime":0.707615428}