{"_wandb":{"runtime":1},"Top-5 accuracy":35.386,"_timestamp":1.7376192825371883e+09,"_runtime":1.243783033,"_step":0,"Top-1 accuracy":18.67}