{"_wandb":{"runtime":2},"_runtime":2.234545077,"Pairwise Modified Top-k Embedding Preservation":0.912570595703125,"Raw vs. Projection Cosine Similarity Variance":0.007213592529296875,"Modified Top-1 accuracy":58.2099974155426,"Raw vs. Projection Cosine Similarity":0.568359375,"_step":0,"Modified Top-5 accuracy":88.81199955940247,"Pairwise Original Top-k Embedding Preservation":0.7630180419921875,"Candidate Preservation":0.963423251953125,"_timestamp":1.7430925286297965e+09,"Modified Cosine Similarity":0.9634486607142857}