{"_wandb":{"runtime":0},"Modified Top-1 accuracy":52.18000000000001,"Modified Top-5 accuracy":78.058,"_timestamp":1.7380133142713854e+09,"_runtime":0.581774176,"_step":0}