{"Modified Top-5 accuracy":88.81199955940247,"Raw vs. Projection Cosine Similarity Variance":8.809566497802734e-05,"Pairwise Original Top-k Embedding Preservation":0.7630180419921875,"_timestamp":1.7430891573654304e+09,"_runtime":0.564044649,"Modified Top-1 accuracy":63.293999433517456,"Modified Cosine Similarity":0.7849280603077947,"_wandb":{"runtime":0},"Candidate Preservation":0.784929638671875,"_step":0,"Pairwise Modified Top-k Embedding Preservation":0.776664931640625,"Raw vs. Projection Cosine Similarity":0.80224609375}