{"_timestamp":1.73760943709324e+09,"_runtime":0.665846807,"_step":0,"_wandb":{"runtime":0},"Top-1 accuracy":42.187999999999995,"Top-5 accuracy":69.074}