{"Top-5 accuracy":34.721999999999994,"_timestamp":1.7376450767142e+09,"_runtime":1.016084833,"_step":0,"_wandb":{"runtime":1},"Top-1 accuracy":17.78}