{"Modified Cosine Similarity":0.9964026626275511,"Raw vs. Projection Cosine Similarity Variance":0.0101776123046875,"Pairwise Original Top-k Embedding Preservation":0.7630180419921875,"Modified Top-1 accuracy":63.419997692108154,"_wandb":{"runtime":0},"Candidate Preservation":0.996363095703125,"_timestamp":1.7430915314599824e+09,"Modified Top-5 accuracy":88.81199955940247,"Pairwise Modified Top-k Embedding Preservation":0.70872361328125,"Raw vs. Projection Cosine Similarity":0.5927734375,"_runtime":0.706053256,"_step":0}