{"_step":0,"Top-1 accuracy":48.008,"Top-5 accuracy":75.952,"_timestamp":1.7376312425108354e+09,"_runtime":1.213049812,"_wandb":{"runtime":1}}