{"_wandb":{"runtime":0},"Top-1 accuracy":0.366,"Top-5 accuracy":0.898,"_timestamp":1.737607032391244e+09,"_runtime":0.595934667,"_step":0}