{"_wandb":{"runtime":0},"_timestamp":1.7376206724191601e+09,"_runtime":0.940296862,"_step":0,"Top-1 accuracy":29.909999999999997,"Top-5 accuracy":50.78}