{"_runtime":0.730922456,"_step":0,"Modified Top-1 accuracy":60.48799753189087,"Modified Top-5 accuracy":88.80599737167358,"_timestamp":1.7382665177230778e+09,"_wandb":{"runtime":0}}