{"_timestamp":1.738267539209546e+09,"_wandb":{"runtime":0},"_runtime":0.620082607,"_step":0,"Modified Top-1 accuracy":63.38199973106384,"Modified Top-5 accuracy":88.80599737167358}