{"_runtime":0.694271888,"_step":0,"Modified Top-1 accuracy":63.31599950790405,"_wandb":{"runtime":0},"Pairwise Modified Top-k Embedding Preservation":0.79465568359375,"Candidate Preservation":0.984049599609375,"_timestamp":1.7430889685117228e+09,"Modified Top-5 accuracy":88.81199955940247,"Pairwise Original Top-k Embedding Preservation":0.7630180419921875,"Raw vs. Projection Cosine Similarity":0.80224609375,"Raw vs. Projection Cosine Similarity Variance":8.809566497802734e-05,"Modified Cosine Similarity":0.9840537869200414}