{"_runtime":0.52176054,"_wandb":{"runtime":0},"_step":0,"Candidate Preservation":0.98132810546875,"Pairwise Modified Top-k Embedding Preservation":0.630005546875,"Modified Top-5 accuracy":88.81199955940247,"_timestamp":1.7430912141124177e+09,"Modified Cosine Similarity":0.9812858737244898,"Raw vs. Projection Cosine Similarity Variance":0.006072998046875,"Raw vs. Projection Cosine Similarity":0.5556640625,"Pairwise Original Top-k Embedding Preservation":0.7630180419921875,"Modified Top-1 accuracy":62.73599863052368}