{"_runtime":1.927724161,"_step":0,"Top-1 accuracy":41.126000000000005,"Top-5 accuracy":66.756,"_wandb":{"runtime":1},"_timestamp":1.7376510558003156e+09}