{"Top-5 accuracy":62.168,"_timestamp":1.7376314678880765e+09,"_runtime":0.544087758,"_step":0,"_wandb":{"runtime":0},"Top-1 accuracy":37.782}