{"_wandb":{"runtime":0},"Modified Top-5 accuracy":88.80599737167358,"_timestamp":1.7382665103328798e+09,"_runtime":0.571138763,"_step":0,"Modified Top-1 accuracy":62.00399994850159}