{"Top-5 accuracy":0.027999999999999997,"_timestamp":1.7376071467026815e+09,"_runtime":0.55309109,"_step":0,"_wandb":{"runtime":0},"Top-1 accuracy":0.004}