{"Modified Top-5 accuracy":88.81199955940247,"Candidate Preservation":0.999984697265625,"Raw vs. Projection Cosine Similarity":1,"_timestamp":1.743092529272417e+09,"_runtime":0.541695952,"_step":0,"Pairwise Original Top-k Embedding Preservation":0.7630180419921875,"Modified Cosine Similarity":1,"_wandb":{"runtime":0},"Pairwise Modified Top-k Embedding Preservation":0.7629324755859375,"Raw vs. Projection Cosine Similarity Variance":2.384185791015625e-07,"Modified Top-1 accuracy":63.29999566078186}