{"Top-1 accuracy":12.178,"Top-5 accuracy":25.774,"_timestamp":1.7376211975279243e+09,"_runtime":1.11476125,"_wandb":{"runtime":1},"_step":0}