{"Top-1 accuracy":38.47,"_wandb":{"runtime":0},"Top-5 accuracy":62.552,"_timestamp":1.7376137107729788e+09,"_runtime":0.570886984,"_step":0}