{"_step":0,"Top-1 accuracy":0.714,"Top-5 accuracy":1.822,"_timestamp":1.7376113199204688e+09,"_runtime":0.599517532,"_wandb":{"runtime":0}}