{"Modified Top-1 accuracy":62.00399994850159,"Modified Top-5 accuracy":88.80599737167358,"_timestamp":1.7382662048187537e+09,"_runtime":0.889501176,"_wandb":{"runtime":1},"_step":0}