{"_runtime":1.069037419,"_step":0,"Top-1 accuracy":45.69,"Top-5 accuracy":72.976,"_wandb":{"runtime":1},"_timestamp":1.7376264631274805e+09}