{"_step":0,"Top-1 accuracy":35.508,"Top-5 accuracy":59.397999999999996,"_timestamp":1.7376287548970842e+09,"_runtime":0.587009453,"_wandb":{"runtime":0}}