{"Modified Top-5 accuracy":88.80599737167358,"Modified Cosine Similarity":1.0000199570631825,"_timestamp":1.7387171898954096e+09,"_runtime":0.674703035,"_step":0,"_wandb":{"runtime":0},"Modified Top-1 accuracy":63.29599618911743}