{"Modified Top-1 accuracy":63.30599784851074,"_wandb":{"runtime":77},"Modified Top-5 accuracy":88.80599737167358,"_timestamp":1.7382740207404957e+09,"_runtime":0.547895724,"_step":0}