{"_timestamp":1.738017001222833e+09,"_runtime":0.536747355,"_step":0,"Modified Top-1 accuracy":14.186000000000002,"Modified Top-5 accuracy":29.608,"_wandb":{"runtime":0}}