{"_step":0,"_wandb":{"runtime":0},"_timestamp":1.743091432568901e+09,"Candidate Preservation":0.998767587890625,"Raw vs. Projection Cosine Similarity":0.9482421875,"Modified Top-1 accuracy":63.16399574279785,"_runtime":0.604513453,"Modified Cosine Similarity":0.9988341039540817,"Pairwise Original Top-k Embedding Preservation":0.7630180419921875,"Modified Top-5 accuracy":88.81199955940247,"Pairwise Modified Top-k Embedding Preservation":0.7651678515625,"Raw vs. Projection Cosine Similarity Variance":0.00266265869140625}