{"Modified Top-5 accuracy":88.80599737167358,"_wandb":{"runtime":0},"_timestamp":1.7382664313450465e+09,"_runtime":0.702603928,"_step":0,"Modified Top-1 accuracy":62.00399994850159}