{"_timestamp":1.7382746520955245e+09,"_runtime":0.781763926,"_step":0,"Modified Top-1 accuracy":63.30599784851074,"_wandb":{"runtime":18},"Modified Top-5 accuracy":88.80599737167358}