{"_runtime":0.554416245,"_timestamp":1.7430928144508255e+09,"Pairwise Original Top-k Embedding Preservation":0.7630180419921875,"Modified Top-1 accuracy":49.48799908161163,"_wandb":{"runtime":0},"Pairwise Modified Top-k Embedding Preservation":0.96581408203125,"Raw vs. Projection Cosine Similarity Variance":0.0057220458984375,"Modified Top-5 accuracy":88.81199955940247,"Raw vs. Projection Cosine Similarity":0.541015625,"Candidate Preservation":0.90107328125,"_step":0,"Modified Cosine Similarity":0.901008450255102}