{"_step":0,"_wandb":{"runtime":0},"Top-1 accuracy":29.909999999999997,"Top-5 accuracy":50.78,"_timestamp":1.7376074828417673e+09,"_runtime":0.55312136}