{"Top-5 accuracy":2.964,"_timestamp":1.7376155307769465e+09,"_runtime":0.647990318,"_step":0,"Top-1 accuracy":1.1119999999999999,"_wandb":{"runtime":0}}