{"Top-1 accuracy":57.962,"_wandb":{"runtime":0},"Top-5 accuracy":86.002,"_timestamp":1.7376408535374756e+09,"_runtime":0.747509917,"_step":0}