{"_wandb":{"runtime":0},"Pairwise Modified Top-k Embedding Preservation":0.74224986328125,"Modified Top-1 accuracy":63.32399845123291,"Raw vs. Projection Cosine Similarity Variance":8.809566497802734e-05,"Raw vs. Projection Cosine Similarity":0.80224609375,"_runtime":0.542524651,"Modified Top-5 accuracy":88.81199955940247,"Modified Cosine Similarity":0.9430674813231643,"Pairwise Original Top-k Embedding Preservation":0.7630180419921875,"_timestamp":1.743089158371108e+09,"Candidate Preservation":0.94306314453125,"_step":0}