{"Modified Top-1 accuracy":63.297998905181885,"Raw vs. Projection Cosine Similarity":0.9658203125,"Raw vs. Projection Cosine Similarity Variance":0.0012454986572265625,"Modified Cosine Similarity":1,"_runtime":0.625065017,"_wandb":{"runtime":0},"_step":0,"_timestamp":1.7430917341983657e+09,"Pairwise Original Top-k Embedding Preservation":0.7630180419921875,"Candidate Preservation":0.999984736328125,"Modified Top-5 accuracy":88.81199955940247,"Pairwise Modified Top-k Embedding Preservation":0.7629342919921875}