{"_timestamp":1.7382665708422053e+09,"_runtime":0.886738397,"_step":0,"Modified Top-1 accuracy":61.997997760772705,"_wandb":{"runtime":1},"Modified Top-5 accuracy":88.80599737167358}