{"_timestamp":1.7430536709642234e+09,"Candidate Preservation":0.96262265625,"Raw vs. Projection Cosine Similarity":0.338623046875,"_wandb":{"runtime":0},"_runtime":0.486152253,"Raw vs. Projection Cosine Similarity Variance":0.0053558349609375,"Pairwise Original Top-k Embedding Preservation":0.7630180419921875,"Modified Cosine Similarity":0.9626215720663265,"Pairwise Modified Top-k Embedding Preservation":0.611387958984375,"Modified Top-1 accuracy":60.24199724197388,"Modified Top-5 accuracy":88.81199955940247,"_step":0}