{"Raw vs. Projection Cosine Similarity Variance":1.817941665649414e-05,"Modified Cosine Similarity":0.9975386639030612,"_step":0,"Modified Top-1 accuracy":62.327998876571655,"Candidate Preservation":0.997567255859375,"_timestamp":1.7430923286004188e+09,"Pairwise Modified Top-k Embedding Preservation":0.75206427734375,"_runtime":0.688868806,"Raw vs. Projection Cosine Similarity":0.99853515625,"Modified Top-5 accuracy":88.81199955940247,"_wandb":{"runtime":0},"Pairwise Original Top-k Embedding Preservation":0.7630180419921875}