{"Raw vs. Projection Cosine Similarity":1,"Pairwise Modified Top-k Embedding Preservation":0.7629318896484375,"_step":0,"Raw vs. Projection Cosine Similarity Variance":2.384185791015625e-07,"_runtime":0.562119543,"Modified Top-5 accuracy":88.81199955940247,"Modified Cosine Similarity":1,"_wandb":{"runtime":0},"Modified Top-1 accuracy":63.297998905181885,"Pairwise Original Top-k Embedding Preservation":0.7630180419921875,"Candidate Preservation":0.999984287109375,"_timestamp":1.743092234417945e+09}