{"Top-1 accuracy":42.187999999999995,"Top-5 accuracy":69.074,"_timestamp":1.7376384960869765e+09,"_runtime":0.76356422,"_wandb":{"runtime":0},"_step":0}