{"Pairwise Original Top-k Embedding Preservation":0.7489925341796875,"Modified Top-5 accuracy":88.81199955940247,"Pairwise Modified Top-k Embedding Preservation":0.781152314453125,"_runtime":0.512009291,"Candidate Preservation":0.98379578125,"_timestamp":1.7430889669562435e+09,"_step":0,"_wandb":{"runtime":0},"Modified Cosine Similarity":0.9837962924217691,"Raw vs. Projection Cosine Similarity":0.79638671875,"Raw vs. Projection Cosine Similarity Variance":7.587671279907227e-05,"Modified Top-1 accuracy":58.723998069763184}