{"_wandb":{"runtime":0},"_timestamp":1.7376422534237583e+09,"_runtime":0.736607633,"_step":0,"Top-1 accuracy":43.878,"Top-5 accuracy":70.438}