{"Modified Top-5 accuracy":88.80599737167358,"_timestamp":1.7382673945960624e+09,"_runtime":0.523556568,"_step":0,"Modified Top-1 accuracy":48.91199767589569,"_wandb":{"runtime":0}}