{"_runtime":0.553755582,"_wandb":{"runtime":0},"_step":0,"Top-1 accuracy":29.822,"Top-5 accuracy":50.538000000000004,"_timestamp":1.7376131425457985e+09}