{"_runtime":0.805542164,"_step":0,"Top-1 accuracy":2.806,"Top-5 accuracy":7.969999999999999,"_timestamp":1.7376394761851733e+09,"_wandb":{"runtime":0}}