{"_step":0,"_wandb":{"runtime":1},"Modified Top-1 accuracy":58.507996797561646,"Modified Top-5 accuracy":88.80599737167358,"_timestamp":1.7382664423468428e+09,"_runtime":0.868845328}