{"Modified Top-1 accuracy":63.297998905181885,"Modified Top-5 accuracy":88.80599737167358,"_timestamp":1.7382743721345634e+09,"_runtime":0.576760434,"_step":0,"_wandb":{"runtime":13}}