{"_runtime":0.605537219,"_step":0,"Top-1 accuracy":38.552,"Top-5 accuracy":63.44800000000001,"_wandb":{"runtime":0},"_timestamp":1.7376301051455073e+09}