{"_step":0,"_wandb":{"runtime":0},"Pairwise Original Top-k Embedding Preservation":0.7363510791015625,"_runtime":0.637161028,"Pairwise Modified Top-k Embedding Preservation":0.897066416015625,"Modified Top-1 accuracy":61.956000328063965,"Modified Cosine Similarity":0.8007324897513097,"Modified Top-5 accuracy":88.81199955940247,"Raw vs. Projection Cosine Similarity":0.80078125,"Raw vs. Projection Cosine Similarity Variance":8.922815322875977e-05,"_timestamp":1.7430674278977304e+09,"Candidate Preservation":0.800728359375}