{"_timestamp":1.738266503518891e+09,"_runtime":0.855619708,"_step":0,"_wandb":{"runtime":0},"Modified Top-1 accuracy":59.961998462677,"Modified Top-5 accuracy":88.80599737167358}