{"_timestamp":1.7385342199014885e+09,"_runtime":0.652127946,"_step":0,"Modified Top-1 accuracy":63.297998905181885,"_wandb":{"runtime":144},"Modified Top-5 accuracy":88.80599737167358,"Modified Cosine Similarity":1}