{"_step":0,"Modified Top-1 accuracy":63.32199573516846,"Modified Top-5 accuracy":88.80599737167358,"Modified Cosine Similarity":1,"_wandb":{"runtime":126},"_timestamp":1.7386329058202684e+09,"_runtime":1.79097919}