{"Pairwise Original Top-k Embedding Preservation":0.7630180419921875,"Modified Cosine Similarity":0.9840537869200414,"Modified Top-5 accuracy":88.81199955940247,"Pairwise Modified Top-k Embedding Preservation":0.79465568359375,"_timestamp":1.743088778834772e+09,"Raw vs. Projection Cosine Similarity":0.80224609375,"Raw vs. Projection Cosine Similarity Variance":8.809566497802734e-05,"Modified Top-1 accuracy":63.31599950790405,"_runtime":0.623500691,"Candidate Preservation":0.984049599609375,"_wandb":{"runtime":0},"_step":0}