{"Top-1 accuracy":10.512,"Top-5 accuracy":21.698,"_timestamp":1.7376528406129735e+09,"_runtime":1.027114521,"_step":0,"_wandb":{"runtime":1}}