{"_step":0,"_wandb":{"runtime":0},"Top-1 accuracy":39.198,"Top-5 accuracy":64.2,"_timestamp":1.737659771253884e+09,"_runtime":0.888303885}