{"_runtime":0.685844873,"_step":0,"_wandb":{"runtime":0},"Top-1 accuracy":51.596,"Top-5 accuracy":81.07600000000001,"_timestamp":1.7376122399914863e+09}