{"Modified Top-1 accuracy":0.188,"Modified Top-5 accuracy":0.726,"_timestamp":1.7380162723331294e+09,"_runtime":0.738270527,"_step":0,"_wandb":{"runtime":0}}