{"Modified Top-1 accuracy":41.0319983959198,"_runtime":0.558709357,"_timestamp":1.7430927187722995e+09,"Raw vs. Projection Cosine Similarity Variance":0.0012454986572265625,"Pairwise Original Top-k Embedding Preservation":0.7630180419921875,"Pairwise Modified Top-k Embedding Preservation":0.76651140625,"Raw vs. Projection Cosine Similarity":0.9658203125,"Candidate Preservation":0.81760287109375,"_step":0,"Modified Cosine Similarity":0.8175322863520408,"Modified Top-5 accuracy":88.81199955940247,"_wandb":{"runtime":0}}