{"_timestamp":1.7382665320417082e+09,"_wandb":{"runtime":0},"_runtime":0.708278087,"_step":0,"Modified Top-1 accuracy":60.732001066207886,"Modified Top-5 accuracy":88.80599737167358}