{"_timestamp":1.7380170098703718e+09,"_runtime":0.868520838,"_step":0,"Modified Top-1 accuracy":11.831999999999999,"Modified Top-5 accuracy":25.45,"_wandb":{"runtime":0}}