{"_wandb":{"runtime":0},"Top-1 accuracy":0.366,"Top-5 accuracy":0.898,"_timestamp":1.737612129818861e+09,"_runtime":0.754022898,"_step":0}