{"_runtime":0.522064606,"_step":0,"Modified Top-1 accuracy":62.87599802017212,"_wandb":{"runtime":0},"Modified Top-5 accuracy":88.80599737167358,"_timestamp":1.7382674730709903e+09}