{"Pairwise Original Top-k Embedding Preservation":0.7489925341796875,"_runtime":0.774546106,"Candidate Preservation":0.941851201171875,"_timestamp":1.7430898861201859e+09,"Raw vs. Projection Cosine Similarity":0.79638671875,"Modified Top-5 accuracy":88.81199955940247,"Modified Cosine Similarity":0.9418315121105739,"_step":0,"_wandb":{"runtime":0},"Modified Top-1 accuracy":58.73199701309204,"Raw vs. Projection Cosine Similarity Variance":7.587671279907227e-05,"Pairwise Modified Top-k Embedding Preservation":0.819498974609375}