{"_wandb":{"runtime":0},"_runtime":0.778883823,"_step":0,"Modified Top-1 accuracy":63.207995891571045,"Modified Top-5 accuracy":88.80599737167358,"_timestamp":1.7382674014699917e+09}