{"Modified Top-5 accuracy":88.81199955940247,"_wandb":{"runtime":0},"Pairwise Modified Top-k Embedding Preservation":0.76290626953125,"_timestamp":1.7430929161773908e+09,"Modified Top-1 accuracy":63.291996717453,"Raw vs. Projection Cosine Similarity":1,"_runtime":0.626707433,"Pairwise Original Top-k Embedding Preservation":0.7630180419921875,"Candidate Preservation":0.999997138671875,"_step":0,"Raw vs. Projection Cosine Similarity Variance":2.384185791015625e-07,"Modified Cosine Similarity":1}