{"_wandb":{"runtime":0},"Top-1 accuracy":0,"Top-5 accuracy":0,"_timestamp":1.7376072582333019e+09,"_runtime":0.550181423,"_step":0}