{"Candidate Preservation":0.999984736328125,"_timestamp":1.7430917327279906e+09,"Modified Top-1 accuracy":63.297998905181885,"_step":0,"_runtime":0.579272036,"Pairwise Modified Top-k Embedding Preservation":0.7629342919921875,"Modified Top-5 accuracy":88.81199955940247,"Raw vs. Projection Cosine Similarity":0.974609375,"Pairwise Original Top-k Embedding Preservation":0.7630180419921875,"Raw vs. Projection Cosine Similarity Variance":0.0009899139404296875,"_wandb":{"runtime":0},"Modified Cosine Similarity":1}