{"_step":0,"_wandb":{"runtime":0},"Top-1 accuracy":54.606,"Top-5 accuracy":83.63199999999999,"_timestamp":1.7376115580762382e+09,"_runtime":0.709296987}