{"Pairwise Original Top-k Embedding Preservation":0.7630180419921875,"Modified Top-1 accuracy":58.86399745941162,"Modified Top-5 accuracy":88.81199955940247,"Pairwise Modified Top-k Embedding Preservation":0.907020498046875,"Candidate Preservation":0.96625916015625,"_step":0,"_wandb":{"runtime":0},"_runtime":0.582965003,"Modified Cosine Similarity":0.9662388392857143,"Raw vs. Projection Cosine Similarity Variance":0.0057220458984375,"Raw vs. Projection Cosine Similarity":0.541015625,"_timestamp":1.7430925306058292e+09}