{"_wandb":{"runtime":0},"Top-1 accuracy":38.188,"Top-5 accuracy":63.088,"_timestamp":1.7376307894481387e+09,"_runtime":0.579645248,"_step":0}