{"_step":0,"Pairwise Original Top-k Embedding Preservation":0.7630180419921875,"Pairwise Modified Top-k Embedding Preservation":0.763240927734375,"_timestamp":1.7430910202734728e+09,"Modified Top-1 accuracy":62.94999718666077,"Raw vs. Projection Cosine Similarity":0.9658203125,"Candidate Preservation":0.996370810546875,"_runtime":0.586195734,"_wandb":{"runtime":0},"Modified Cosine Similarity":0.9963329081632653,"Raw vs. Projection Cosine Similarity Variance":0.0012454986572265625,"Modified Top-5 accuracy":88.81199955940247}