{"Modified Cosine Similarity":0.9946687659438775,"Modified Top-5 accuracy":88.81199955940247,"Modified Top-1 accuracy":62.713998556137085,"Raw vs. Projection Cosine Similarity":0.9482421875,"Pairwise Original Top-k Embedding Preservation":0.7630180419921875,"Raw vs. Projection Cosine Similarity Variance":0.00266265869140625,"_runtime":0.570156387,"_wandb":{"runtime":0},"Pairwise Modified Top-k Embedding Preservation":0.76728025390625,"_timestamp":1.7430910202997005e+09,"Candidate Preservation":0.994653203125,"_step":0}