{"_step":0,"_wandb":{"runtime":0},"Top-1 accuracy":59.604,"Top-5 accuracy":87.03,"_timestamp":1.7376481041585839e+09,"_runtime":0.603668467}