{"Pairwise Original Top-k Embedding Preservation":0.7630180419921875,"Pairwise Modified Top-k Embedding Preservation":0.7629342919921875,"_step":0,"Modified Top-1 accuracy":63.297998905181885,"Modified Cosine Similarity":1,"_runtime":0.552126462,"Candidate Preservation":0.999984736328125,"_timestamp":1.743091733000839e+09,"_wandb":{"runtime":0},"Raw vs. Projection Cosine Similarity":1,"Modified Top-5 accuracy":88.81199955940247,"Raw vs. Projection Cosine Similarity Variance":2.384185791015625e-07}