{"Modified Top-1 accuracy":45.21999955177307,"Modified Top-5 accuracy":88.80599737167358,"_wandb":{"runtime":0},"_timestamp":1.7382664458022623e+09,"_runtime":0.722970063,"_step":0}