{"_runtime":1.128719209,"_step":0,"_wandb":{"runtime":1},"Modified Top-1 accuracy":59.101998805999756,"Modified Top-5 accuracy":88.80599737167358,"_timestamp":1.7382664725453103e+09}