{"_timestamp":1.738267459412968e+09,"_runtime":0.727123982,"_step":0,"_wandb":{"runtime":0},"Modified Top-1 accuracy":61.983996629714966,"Modified Top-5 accuracy":88.80599737167358}