{"_runtime":0.721943064,"_step":0,"_wandb":{"runtime":0},"Modified Top-1 accuracy":62.07599639892578,"Modified Top-5 accuracy":88.80599737167358,"_timestamp":1.7382666139466114e+09}