{"_step":0,"Raw vs. Projection Cosine Similarity Variance":8.922815322875977e-05,"Pairwise Original Top-k Embedding Preservation":0.7363510791015625,"Candidate Preservation":0.90601171875,"_runtime":0.585379227,"Modified Top-5 accuracy":88.81199955940247,"Pairwise Modified Top-k Embedding Preservation":0.719944970703125,"Modified Cosine Similarity":0.9060160310900941,"_wandb":{"runtime":0},"Modified Top-1 accuracy":62.067997455596924,"_timestamp":1.7430900775558627e+09,"Raw vs. Projection Cosine Similarity":0.80078125}