{"_wandb":{"runtime":1},"Modified Top-1 accuracy":62.022000551223755,"Modified Top-5 accuracy":88.80599737167358,"_timestamp":1.7382665859718392e+09,"_runtime":1.103924137,"_step":0}