{"_runtime":0.567128363,"Modified Top-5 accuracy":88.81199955940247,"Raw vs. Projection Cosine Similarity":1,"Raw vs. Projection Cosine Similarity Variance":2.384185791015625e-07,"_timestamp":1.7430914346277816e+09,"_wandb":{"runtime":0},"Modified Cosine Similarity":1,"_step":0,"Pairwise Modified Top-k Embedding Preservation":0.7629253173828126,"Pairwise Original Top-k Embedding Preservation":0.7630180419921875,"Candidate Preservation":0.99998107421875,"Modified Top-1 accuracy":63.30199837684631}