{"_wandb":{"runtime":144},"Modified Cosine Similarity":1,"_timestamp":1.7385328394275966e+09,"_runtime":0.894332731,"_step":0,"Modified Top-1 accuracy":63.29599618911743,"Modified Top-5 accuracy":88.80599737167358}