{"_runtime":1.149649749,"_step":0,"Modified Top-1 accuracy":63.29599618911743,"Modified Top-5 accuracy":88.80599737167358,"Modified Cosine Similarity":1.0000199570631825,"_wandb":{"runtime":383},"_timestamp":1.7387153995646656e+09}