{"_wandb":{"runtime":0},"Modified Top-1 accuracy":60.76200000000001,"Modified Top-5 accuracy":86.656,"_timestamp":1.7380124278523355e+09,"_runtime":0.546402854,"_step":0}