{"_timestamp":1.7376543026247199e+09,"_runtime":0.699623065,"_step":0,"_wandb":{"runtime":0},"Top-1 accuracy":63.364,"Top-5 accuracy":88.812}