{"_step":0,"Top-1 accuracy":55.938,"Top-5 accuracy":83.342,"_timestamp":1.7376233096037803e+09,"_wandb":{"runtime":0},"_runtime":0.558830635}