{"Raw vs. Projection Cosine Similarity Variance":2.384185791015625e-07,"Candidate Preservation":0.9999851953125,"_runtime":0.540783992,"Raw vs. Projection Cosine Similarity":1,"_step":0,"Pairwise Modified Top-k Embedding Preservation":0.7629274951171875,"Modified Cosine Similarity":1,"Modified Top-1 accuracy":63.297998905181885,"Modified Top-5 accuracy":88.81199955940247,"Pairwise Original Top-k Embedding Preservation":0.7630180419921875,"_wandb":{"runtime":0},"_timestamp":1.7430929177840679e+09}