{"_timestamp":1.737646290193384e+09,"_runtime":0.71164897,"_step":0,"_wandb":{"runtime":0},"Top-1 accuracy":18.62,"Top-5 accuracy":36.346000000000004}