{"_timestamp":1.7430891571971416e+09,"Pairwise Modified Top-k Embedding Preservation":0.714256298828125,"_step":0,"Candidate Preservation":0.94314650390625,"_wandb":{"runtime":0},"Raw vs. Projection Cosine Similarity":0.80078125,"Pairwise Original Top-k Embedding Preservation":0.7363510791015625,"Modified Cosine Similarity":0.9431492528136896,"Modified Top-1 accuracy":62.06600069999695,"Raw vs. Projection Cosine Similarity Variance":8.922815322875977e-05,"Modified Top-5 accuracy":88.81199955940247,"_runtime":0.549536908}