{"_timestamp":1.7430898893236184e+09,"Pairwise Modified Top-k Embedding Preservation":0.8346640234375,"Modified Top-5 accuracy":88.81199955940247,"_wandb":{"runtime":0},"Raw vs. Projection Cosine Similarity":0.79638671875,"Modified Cosine Similarity":0.9205329223554961,"Raw vs. Projection Cosine Similarity Variance":7.587671279907227e-05,"_runtime":0.537597758,"_step":0,"Modified Top-1 accuracy":58.72200131416321,"Candidate Preservation":0.920523408203125,"Pairwise Original Top-k Embedding Preservation":0.7489925341796875}