{"Modified Cosine Similarity":1.0000199570631825,"_timestamp":1.7387150134760144e+09,"_runtime":1.234427421,"_step":0,"Modified Top-1 accuracy":63.29599618911743,"_wandb":{"runtime":383},"Modified Top-5 accuracy":88.80599737167358}