{"Top-5 accuracy":87.85,"_wandb":{"runtime":0},"_timestamp":1.737628287863918e+09,"_runtime":0.72038123,"_step":0,"Top-1 accuracy":61.284000000000006}