{"Modified Top-1 accuracy":63.30199837684631,"Candidate Preservation":0.999996318359375,"_runtime":0.521275267,"_step":0,"Modified Top-5 accuracy":88.81199955940247,"Pairwise Original Top-k Embedding Preservation":0.7630180419921875,"_wandb":{"runtime":0},"Raw vs. Projection Cosine Similarity":1,"_timestamp":1.7430927152253456e+09,"Modified Cosine Similarity":1,"Raw vs. Projection Cosine Similarity Variance":2.384185791015625e-07,"Pairwise Modified Top-k Embedding Preservation":0.762907529296875}