{"Modified Top-5 accuracy":88.80599737167358,"_timestamp":1.7382665142736254e+09,"_runtime":0.693902856,"_step":0,"_wandb":{"runtime":0},"Modified Top-1 accuracy":61.27600073814392}