{"_timestamp":1.7376165876993024e+09,"_runtime":0.629460637,"_step":0,"_wandb":{"runtime":0},"Top-1 accuracy":3.7539999999999996,"Top-5 accuracy":8.236}