{"_timestamp":1.7376396681695864e+09,"_runtime":0.938057649,"_step":0,"Top-1 accuracy":63.354,"Top-5 accuracy":88.818,"_wandb":{"runtime":0}}