{"_runtime":0.518686749,"_step":0,"Modified Top-1 accuracy":62.18999624252319,"Modified Top-5 accuracy":88.80599737167358,"_timestamp":1.7382675661617231e+09,"_wandb":{"runtime":0}}