{"Raw vs. Projection Cosine Similarity Variance":0.0009899139404296875,"Raw vs. Projection Cosine Similarity":0.974609375,"_timestamp":1.7430920354672253e+09,"_step":0,"Modified Top-1 accuracy":63.099998235702515,"Modified Cosine Similarity":0.9986348054846939,"_wandb":{"runtime":0},"_runtime":0.651129416,"Candidate Preservation":0.998592197265625,"Modified Top-5 accuracy":88.81199955940247,"Pairwise Original Top-k Embedding Preservation":0.7630180419921875,"Pairwise Modified Top-k Embedding Preservation":0.7642776611328125}