{"Modified Top-1 accuracy":63.359999656677246,"Modified Top-5 accuracy":88.80599737167358,"_timestamp":1.7382675181844578e+09,"_runtime":0.616696523,"_step":0,"_wandb":{"runtime":0}}