{"Modified Top-5 accuracy":88.80599737167358,"_timestamp":1.7382665286520076e+09,"_runtime":0.943536877,"_step":0,"Modified Top-1 accuracy":60.97800135612488,"_wandb":{"runtime":1}}