{"_runtime":0.552449548,"_step":0,"_wandb":{"runtime":0},"Modified Top-1 accuracy":52.73599624633789,"Raw vs. Projection Cosine Similarity":0.338623046875,"_timestamp":1.743053669231657e+09,"Modified Cosine Similarity":0.8007613201530612,"Candidate Preservation":0.8008414013671875,"Pairwise Original Top-k Embedding Preservation":0.7630180419921875,"Modified Top-5 accuracy":88.81199955940247,"Pairwise Modified Top-k Embedding Preservation":0.997684951171875,"Raw vs. Projection Cosine Similarity Variance":0.0053558349609375}