{"_timestamp":1.7376098915085196e+09,"_runtime":0.585271172,"_wandb":{"runtime":0},"_step":0,"Top-1 accuracy":5.224,"Top-5 accuracy":14.940000000000001}