{"_timestamp":1.738016270712399e+09,"_runtime":0.667323451,"_step":0,"Modified Top-1 accuracy":0.252,"Modified Top-5 accuracy":0.968,"_wandb":{"runtime":0}}