{"_timestamp":1.743092034023462e+09,"Pairwise Original Top-k Embedding Preservation":0.7630180419921875,"Modified Cosine Similarity":0.9989736128826531,"Pairwise Modified Top-k Embedding Preservation":0.7633158447265626,"_runtime":0.787569405,"Raw vs. Projection Cosine Similarity Variance":0.0005650520324707031,"Raw vs. Projection Cosine Similarity":0.982421875,"Modified Top-1 accuracy":63.09399604797363,"Modified Top-5 accuracy":88.81199955940247,"_wandb":{"runtime":0},"Candidate Preservation":0.9989909765625,"_step":0}