{"_timestamp":1.7376108532853737e+09,"_wandb":{"runtime":0},"_runtime":0.588275205,"_step":0,"Top-1 accuracy":57.962,"Top-5 accuracy":86.002}