{"Top-5 accuracy":83.64,"_wandb":{"runtime":0},"_timestamp":1.7376168492288601e+09,"_runtime":0.673004757,"_step":0,"Top-1 accuracy":54.58}