{"_step":0,"Modified Top-1 accuracy":61.574000120162964,"Modified Top-5 accuracy":88.80599737167358,"_wandb":{"runtime":0},"_timestamp":1.7382673877852046e+09,"_runtime":0.705705127}