{"Top-5 accuracy":0.16999999999999998,"_wandb":{"runtime":0},"_timestamp":1.7376328622711387e+09,"_runtime":0.701400706,"_step":0,"Top-1 accuracy":0.034}