{"Pairwise Original Top-k Embedding Preservation":0.7630180419921875,"_step":0,"Modified Top-1 accuracy":63.30999732017517,"Modified Cosine Similarity":1.000067533278952,"_runtime":0.692778617,"Pairwise Modified Top-k Embedding Preservation":0.7630184423828125,"Modified Top-5 accuracy":88.81199955940247,"Candidate Preservation":1.000019130859375,"_wandb":{"runtime":0},"Raw vs. Projection Cosine Similarity":0.80224609375,"Raw vs. Projection Cosine Similarity Variance":8.809566497802734e-05,"_timestamp":1.7430890640511272e+09}