{"_timestamp":1.7376195339367409e+09,"_runtime":0.564980898,"_wandb":{"runtime":0},"_step":0,"Top-1 accuracy":10.512,"Top-5 accuracy":21.698}