{"Top-5 accuracy":35.504000000000005,"_timestamp":1.7376268133966017e+09,"_runtime":0.581533906,"_wandb":{"runtime":0},"_step":0,"Top-1 accuracy":19.067999999999998}