{"_wandb":{"runtime":0},"Modified Cosine Similarity":1,"Modified Top-5 accuracy":88.81199955940247,"Candidate Preservation":0.999997255859375,"_timestamp":1.7430924303032937e+09,"Raw vs. Projection Cosine Similarity":1,"Modified Top-1 accuracy":63.297998905181885,"Pairwise Original Top-k Embedding Preservation":0.7630180419921875,"Pairwise Modified Top-k Embedding Preservation":0.76290697265625,"Raw vs. Projection Cosine Similarity Variance":2.384185791015625e-07,"_runtime":0.586779317,"_step":0}