{"_timestamp":1.7376117902990103e+09,"_runtime":0.895635394,"_step":0,"_wandb":{"runtime":0},"Top-1 accuracy":29.618,"Top-5 accuracy":50.492000000000004}