{"_timestamp":1.7376123490071745e+09,"_runtime":0.55462802,"_step":0,"Top-1 accuracy":41.696,"Top-5 accuracy":67.456,"_wandb":{"runtime":0}}