{"_step":0,"Top-1 accuracy":7.46,"Top-5 accuracy":15.290000000000001,"_timestamp":1.7376111990774078e+09,"_wandb":{"runtime":0},"_runtime":0.603803593}