{"Top-1 accuracy":45.11,"Top-5 accuracy":71.89999999999999,"_timestamp":1.7376306733310883e+09,"_runtime":0.597627497,"_wandb":{"runtime":0},"_step":0}