{"_timestamp":1.7382675075372634e+09,"_runtime":0.734581622,"_step":0,"_wandb":{"runtime":0},"Modified Top-1 accuracy":61.4579975605011,"Modified Top-5 accuracy":88.80599737167358}