{"_runtime":0.756640617,"_step":0,"_wandb":{"runtime":0},"Top-1 accuracy":28.352,"Top-5 accuracy":48.925999999999995,"_timestamp":1.7376160795182793e+09}