{"_step":0,"Top-1 accuracy":0,"Top-5 accuracy":0.013999999999999999,"_timestamp":1.7376358861838808e+09,"_runtime":1.349290573,"_wandb":{"runtime":1}}