{"_wandb":{"runtime":0},"_timestamp":1.7376073738196743e+09,"_runtime":0.585516516,"_step":0,"Top-1 accuracy":50.226000000000006,"Top-5 accuracy":79.762}