{"_wandb":{"runtime":0},"Top-5 accuracy":74.87,"_timestamp":1.7376583720997033e+09,"_runtime":0.646316475,"_step":0,"Top-1 accuracy":47.436}