{"Modified Cosine Similarity":0.9928352200255102,"_wandb":{"runtime":0},"Pairwise Original Top-k Embedding Preservation":0.7630180419921875,"_timestamp":1.7430536734437764e+09,"Raw vs. Projection Cosine Similarity":0.338623046875,"_step":0,"Raw vs. Projection Cosine Similarity Variance":0.0053558349609375,"_runtime":0.514048239,"Pairwise Modified Top-k Embedding Preservation":0.695670234375,"Modified Top-5 accuracy":88.81199955940247,"Modified Top-1 accuracy":62.953996658325195,"Candidate Preservation":0.99279150390625}