{"Pairwise Original Top-k Embedding Preservation":0.7489925341796875,"Modified Top-5 accuracy":88.81199955940247,"Pairwise Modified Top-k Embedding Preservation":0.7303819970703125,"Raw vs. Projection Cosine Similarity Variance":7.587671279907227e-05,"Modified Top-1 accuracy":58.757996559143066,"Candidate Preservation":0.943231533203125,"_runtime":0.536992559,"_wandb":{"runtime":0},"Modified Cosine Similarity":0.9432290232911402,"_timestamp":1.7430891548823838e+09,"_step":0,"Raw vs. Projection Cosine Similarity":0.79638671875}