{"_step":0,"Top-1 accuracy":28.752,"Top-5 accuracy":48.344,"_timestamp":1.7376386903283105e+09,"_wandb":{"runtime":0},"_runtime":0.603775112}