{"_timestamp":1.7376342855033746e+09,"_runtime":1.313552535,"_wandb":{"runtime":1},"_step":0,"Top-1 accuracy":0.366,"Top-5 accuracy":0.898}