{"_wandb":{"runtime":0},"_step":0,"Top-1 accuracy":0.038,"Top-5 accuracy":0.14400000000000002,"_timestamp":1.7376418444956534e+09,"_runtime":0.6543985}