{"Pairwise Original Top-k Embedding Preservation":0.7630180419921875,"Raw vs. Projection Cosine Similarity Variance":0.0053558349609375,"Modified Top-1 accuracy":61.500000953674316,"Modified Top-5 accuracy":88.81199955940247,"_runtime":0.683286978,"Candidate Preservation":0.990985224609375,"Modified Cosine Similarity":0.9910116390306123,"Pairwise Modified Top-k Embedding Preservation":0.83459625,"Raw vs. Projection Cosine Similarity":0.338623046875,"_timestamp":1.743067238054516e+09,"_wandb":{"runtime":0},"_step":0}