{"Top-1 accuracy":48.128,"Top-5 accuracy":76.35,"_timestamp":1.7376270407944236e+09,"_wandb":{"runtime":1},"_runtime":1.268307345,"_step":0}