{"Modified Top-5 accuracy":84.89,"_timestamp":1.7380124157097385e+09,"_runtime":0.581917422,"_step":0,"_wandb":{"runtime":0},"Modified Top-1 accuracy":58.660000000000004}