{"Top-1 accuracy":24.744,"_wandb":{"runtime":0},"Top-5 accuracy":43.656,"_timestamp":1.7376487222071688e+09,"_runtime":0.949842699,"_step":0}