{"_timestamp":1.7430921290452943e+09,"Raw vs. Projection Cosine Similarity":0.5927734375,"_runtime":0.686394343,"_wandb":{"runtime":0},"Modified Top-5 accuracy":88.81199955940247,"Modified Cosine Similarity":0.9951470822704082,"Candidate Preservation":0.995094580078125,"Pairwise Modified Top-k Embedding Preservation":0.8222784765625,"Modified Top-1 accuracy":62.22800016403198,"_step":0,"Pairwise Original Top-k Embedding Preservation":0.7630180419921875,"Raw vs. Projection Cosine Similarity Variance":0.0101776123046875}