{"_timestamp":1.7376420429225917e+09,"_wandb":{"runtime":0},"_runtime":0.976851313,"_step":0,"Top-1 accuracy":54.606,"Top-5 accuracy":83.63199999999999}