{"_wandb":{"runtime":0},"_timestamp":1.737615421165959e+09,"_runtime":0.588163253,"_step":0,"Top-1 accuracy":7.204000000000001,"Top-5 accuracy":15.372}