{"_runtime":0.516579709,"_step":0,"_wandb":{"runtime":0},"Modified Top-1 accuracy":60.086,"Modified Top-5 accuracy":86.212,"_timestamp":1.7380124277065034e+09}