{"Raw vs. Projection Cosine Similarity Variance":0.00266265869140625,"Modified Top-5 accuracy":88.81199955940247,"Modified Top-1 accuracy":63.297998905181885,"_runtime":0.669495103,"Pairwise Original Top-k Embedding Preservation":0.7630180419921875,"Candidate Preservation":0.999984736328125,"_step":0,"_wandb":{"runtime":0},"Pairwise Modified Top-k Embedding Preservation":0.7629342919921875,"Modified Cosine Similarity":1,"_timestamp":1.743091734948149e+09,"Raw vs. Projection Cosine Similarity":0.9482421875}