{"_runtime":0.695781534,"_step":0,"Top-1 accuracy":58.666,"_wandb":{"runtime":0},"Top-5 accuracy":86.4,"_timestamp":1.737656758076726e+09}