{"Top-1 accuracy":54.58,"Top-5 accuracy":83.64,"_timestamp":1.7376506451096482e+09,"_runtime":1.131078019,"_step":0,"_wandb":{"runtime":1}}