{"_wandb":{"runtime":1},"_step":0,"Top-1 accuracy":2.186,"Top-5 accuracy":5.022,"_timestamp":1.7376128045959454e+09,"_runtime":1.051073588}