{"_wandb":{"runtime":0},"_timestamp":1.7382675628088212e+09,"_runtime":0.5382348,"_step":0,"Modified Top-1 accuracy":61.55399680137634,"Modified Top-5 accuracy":88.80599737167358}