{"_wandb":{"runtime":0},"_step":0,"Raw vs. Projection Cosine Similarity Variance":2.384185791015625e-07,"Raw vs. Projection Cosine Similarity":1,"_timestamp":1.7430929117441783e+09,"Modified Top-1 accuracy":63.30599784851074,"Modified Cosine Similarity":1,"Pairwise Modified Top-k Embedding Preservation":0.7629132958984375,"_runtime":0.551909811,"Pairwise Original Top-k Embedding Preservation":0.7630180419921875,"Candidate Preservation":0.9999991015625,"Modified Top-5 accuracy":88.81199955940247}