{"_wandb":{"runtime":0},"_runtime":0.934067971,"_step":0,"Top-1 accuracy":13.356000000000002,"Top-5 accuracy":26.314,"_timestamp":1.7376426111610522e+09}