{"_timestamp":1.7376485157312856e+09,"_runtime":0.602799015,"_step":0,"_wandb":{"runtime":0},"Top-1 accuracy":43.246,"Top-5 accuracy":69.25200000000001}