{"_runtime":0.616952438,"_step":0,"_wandb":{"runtime":0},"Top-1 accuracy":28.752,"Top-5 accuracy":48.344,"_timestamp":1.7376095468432734e+09}