{"_wandb":{"runtime":0},"Raw vs. Projection Cosine Similarity Variance":8.809566497802734e-05,"_step":0,"Modified Cosine Similarity":0.8021279585604765,"Candidate Preservation":0.802124072265625,"Raw vs. Projection Cosine Similarity":0.80224609375,"_runtime":0.638298789,"Pairwise Original Top-k Embedding Preservation":0.7630180419921875,"_timestamp":1.743067427939182e+09,"Modified Top-1 accuracy":63.27599883079529,"Modified Top-5 accuracy":88.81199955940247,"Pairwise Modified Top-k Embedding Preservation":0.90788142578125}