{"Raw vs. Projection Cosine Similarity Variance":0.0005650520324707031,"Candidate Preservation":0.984667353515625,"_step":0,"_wandb":{"runtime":0},"_timestamp":1.7430923251392372e+09,"Pairwise Original Top-k Embedding Preservation":0.7630180419921875,"_runtime":0.558772309,"Modified Top-5 accuracy":88.81199955940247,"Raw vs. Projection Cosine Similarity":0.982421875,"Modified Top-1 accuracy":60.09399890899658,"Modified Cosine Similarity":0.9846938775510204,"Pairwise Modified Top-k Embedding Preservation":0.7657059326171874}