{"_timestamp":1.737629200107982e+09,"_runtime":0.584986331,"_step":0,"_wandb":{"runtime":0},"Top-1 accuracy":52.834,"Top-5 accuracy":80.314}