{"_runtime":0.863882542,"_step":0,"_wandb":{"runtime":80},"Modified Top-1 accuracy":63.31999897956848,"Modified Top-5 accuracy":88.80599737167358,"_timestamp":1.7382746723202558e+09}