{"_wandb":{"runtime":0},"_timestamp":1.7376352899432828e+09,"_runtime":0.987241281,"_step":0,"Top-1 accuracy":12.178,"Top-5 accuracy":25.774}