{"Top-5 accuracy":80.328,"_timestamp":1.7376150775880816e+09,"_runtime":0.683544273,"_step":0,"_wandb":{"runtime":0},"Top-1 accuracy":52.82599999999999}