{"_wandb":{"runtime":0},"Top-5 accuracy":83.818,"_timestamp":1.7376290896432254e+09,"_runtime":0.59657155,"_step":0,"Top-1 accuracy":56.178}