{"_runtime":0.892513407,"_step":0,"_wandb":{"runtime":0},"Top-1 accuracy":28.242,"Top-5 accuracy":51.205999999999996,"_timestamp":1.7376472944716654e+09}