{"_wandb":{"runtime":0},"Top-1 accuracy":7.282,"Top-5 accuracy":17.172,"_timestamp":1.7376400630387313e+09,"_runtime":0.589291423,"_step":0}