{"_timestamp":1.7376577637904906e+09,"_runtime":0.602068229,"_step":0,"_wandb":{"runtime":0},"Top-1 accuracy":12.658,"Top-5 accuracy":24.626}