{"Candidate Preservation":0.843069013671875,"_wandb":{"runtime":0},"Raw vs. Projection Cosine Similarity Variance":0.0009899139404296875,"Raw vs. Projection Cosine Similarity":0.974609375,"Modified Cosine Similarity":0.8431022799744898,"_runtime":0.53079914,"Pairwise Modified Top-k Embedding Preservation":0.7935439413452149,"Modified Top-5 accuracy":88.81199955940247,"Pairwise Original Top-k Embedding Preservation":0.7630180419921875,"_step":0,"Modified Top-1 accuracy":43.45199763774872,"_timestamp":1.7430927188576055e+09}