{"_runtime":0.680485533,"_wandb":{"runtime":0},"Pairwise Modified Top-k Embedding Preservation":0.7629342919921875,"Candidate Preservation":0.999984736328125,"_timestamp":1.7430918293637967e+09,"Modified Cosine Similarity":1,"Raw vs. Projection Cosine Similarity Variance":0.007213592529296875,"Modified Top-1 accuracy":63.297998905181885,"Modified Top-5 accuracy":88.81199955940247,"_step":0,"Pairwise Original Top-k Embedding Preservation":0.7630180419921875,"Raw vs. Projection Cosine Similarity":0.568359375}