{"_wandb":{"runtime":0},"_timestamp":1.7382665570552387e+09,"_runtime":0.746065316,"_step":0,"Modified Top-1 accuracy":61.55200004577637,"Modified Top-5 accuracy":88.80599737167358}