{"Modified Top-1 accuracy":62.94400095939636,"Modified Top-5 accuracy":88.80599737167358,"_timestamp":1.7382675288275516e+09,"_runtime":0.760221917,"_step":0,"_wandb":{"runtime":0}}