{"_timestamp":1.7382673776223416e+09,"_runtime":0.623429856,"_step":0,"Modified Top-1 accuracy":63.3139967918396,"Modified Top-5 accuracy":88.80599737167358,"_wandb":{"runtime":0}}