{"Raw vs. Projection Cosine Similarity":0.80224609375,"Modified Top-1 accuracy":63.308000564575195,"Pairwise Original Top-k Embedding Preservation":0.7630180419921875,"_step":0,"Modified Cosine Similarity":0.960135451384953,"Candidate Preservation":0.9601321484375,"_wandb":{"runtime":0},"Modified Top-5 accuracy":88.81199955940247,"_timestamp":1.743089986319603e+09,"_runtime":0.582727885,"Pairwise Modified Top-k Embedding Preservation":0.817922529296875,"Raw vs. Projection Cosine Similarity Variance":8.809566497802734e-05}