{"_timestamp":1.7382666280348606e+09,"_wandb":{"runtime":0},"_runtime":0.691912197,"_step":0,"Modified Top-1 accuracy":62.38200068473816,"Modified Top-5 accuracy":88.80599737167358}