{"_runtime":0.555171092,"Raw vs. Projection Cosine Similarity":0.365234375,"_step":0,"Modified Top-1 accuracy":58.983999490737915,"Candidate Preservation":0.959409755859375,"_wandb":{"runtime":0},"Modified Top-5 accuracy":88.81199955940247,"Pairwise Modified Top-k Embedding Preservation":0.5844637866210938,"_timestamp":1.7430669402140498e+09,"Pairwise Original Top-k Embedding Preservation":0.7363510791015625,"Modified Cosine Similarity":0.9594128667091837,"Raw vs. Projection Cosine Similarity Variance":0.0058441162109375}