{"_step":0,"Modified Top-1 accuracy":63.15799951553345,"Modified Top-5 accuracy":88.80599737167358,"_timestamp":1.7382666066790466e+09,"_wandb":{"runtime":0},"_runtime":0.601243337}