{"_runtime":0.599737997,"_step":0,"_timestamp":1.7430670451480522e+09,"Pairwise Original Top-k Embedding Preservation":0.7489925341796875,"Pairwise Modified Top-k Embedding Preservation":0.90107267578125,"Modified Cosine Similarity":0.7963427682312167,"Modified Top-1 accuracy":58.70000123977661,"_wandb":{"runtime":0},"Raw vs. Projection Cosine Similarity":0.79638671875,"Modified Top-5 accuracy":88.81199955940247,"Raw vs. Projection Cosine Similarity Variance":7.587671279907227e-05,"Candidate Preservation":0.7963400390625}