{"_step":0,"_wandb":{"runtime":0},"Top-1 accuracy":52.286,"Top-5 accuracy":81.706,"_timestamp":1.73765187069461e+09,"_runtime":0.831959688}