{"_timestamp":1.7430922289973457e+09,"Raw vs. Projection Cosine Similarity Variance":0.0057220458984375,"_step":0,"_wandb":{"runtime":0},"_runtime":0.53309988,"Modified Top-1 accuracy":62.42600083351135,"Pairwise Original Top-k Embedding Preservation":0.7630180419921875,"Candidate Preservation":0.99549263671875,"Pairwise Modified Top-k Embedding Preservation":0.82234345703125,"Modified Top-5 accuracy":88.81199955940247,"Modified Cosine Similarity":0.9954460299744898,"Raw vs. Projection Cosine Similarity":0.541015625}