{"_runtime":0.579575169,"_wandb":{"runtime":0},"_step":0,"Top-1 accuracy":49.578,"Top-5 accuracy":77.616,"_timestamp":1.737630560448529e+09}