{"Modified Top-1 accuracy":58.73799920082092,"_wandb":{"runtime":0},"_runtime":0.542598415,"Raw vs. Projection Cosine Similarity":0.79638671875,"Modified Top-5 accuracy":88.81199955940247,"Pairwise Original Top-k Embedding Preservation":0.7489925341796875,"Pairwise Modified Top-k Embedding Preservation":0.7363246044921875,"Modified Cosine Similarity":0.994072214681275,"Raw vs. Projection Cosine Similarity Variance":7.587671279907227e-05,"_timestamp":1.743089064549383e+09,"Candidate Preservation":0.99408810546875,"_step":0}