{"_step":0,"Top-1 accuracy":28.724,"Top-5 accuracy":49.378,"_timestamp":1.737658796264792e+09,"_wandb":{"runtime":0},"_runtime":0.623105266}