{"Top-5 accuracy":47.827999999999996,"_timestamp":1.7376412339914021e+09,"_runtime":0.695732515,"_step":0,"Top-1 accuracy":27.616000000000003,"_wandb":{"runtime":0}}