{"_timestamp":1.7376081700202873e+09,"_runtime":0.578319467,"_step":0,"Top-1 accuracy":29.552,"Top-5 accuracy":50.019999999999996,"_wandb":{"runtime":0}}