{"Pairwise Modified Top-k Embedding Preservation":0.7629063623046874,"Raw vs. Projection Cosine Similarity":1,"Candidate Preservation":0.999994306640625,"_wandb":{"runtime":0},"_step":0,"Pairwise Original Top-k Embedding Preservation":0.7630180419921875,"Modified Cosine Similarity":1,"Raw vs. Projection Cosine Similarity Variance":2.384185791015625e-07,"Modified Top-1 accuracy":63.30999732017517,"Modified Top-5 accuracy":88.81199955940247,"_timestamp":1.7430924221323266e+09,"_runtime":0.582335016}