{"Top-5 accuracy":78.79,"_timestamp":1.7376143998921814e+09,"_runtime":0.580000533,"_step":0,"_wandb":{"runtime":0},"Top-1 accuracy":52.339999999999996}