{"Modified Top-5 accuracy":88.81199955940247,"Modified Cosine Similarity":0.9972696109693877,"_timestamp":1.7430910211134052e+09,"Pairwise Original Top-k Embedding Preservation":0.7630180419921875,"Modified Top-1 accuracy":63.19599747657776,"Pairwise Modified Top-k Embedding Preservation":0.761877900390625,"_runtime":0.567694412,"Candidate Preservation":0.99722576171875,"_wandb":{"runtime":0},"_step":0,"Raw vs. Projection Cosine Similarity":0.974609375,"Raw vs. Projection Cosine Similarity Variance":0.0009899139404296875}