{"_timestamp":1.737634486974565e+09,"_runtime":0.582596328,"_step":0,"Top-1 accuracy":0.004,"Top-5 accuracy":0.027999999999999997,"_wandb":{"runtime":0}}