{"Top-1 accuracy":57.077999999999996,"_wandb":{"runtime":0},"Top-5 accuracy":85.46000000000001,"_timestamp":1.737615641714454e+09,"_runtime":0.589042709,"_step":0}