{"_runtime":0.615294279,"_step":0,"_wandb":{"runtime":0},"Modified Top-1 accuracy":51.007999999999996,"Modified Top-5 accuracy":77.25800000000001,"_timestamp":1.7380133059641705e+09}