{"Top-5 accuracy":87.5,"_timestamp":1.7376555117220526e+09,"_wandb":{"runtime":0},"_runtime":0.91453713,"_step":0,"Top-1 accuracy":60.68}