{"_wandb":{"runtime":0},"Top-1 accuracy":3.7539999999999996,"Top-5 accuracy":8.236,"_timestamp":1.7376504356862347e+09,"_runtime":0.716416531,"_step":0}