{"Top-5 accuracy":23.5,"_timestamp":1.7376390899948897e+09,"_runtime":0.758756394,"_step":0,"_wandb":{"runtime":0},"Top-1 accuracy":8.702}