{"Candidate Preservation":0.99998525390625,"Pairwise Original Top-k Embedding Preservation":0.7630180419921875,"_timestamp":1.7430916357776306e+09,"_wandb":{"runtime":0},"Modified Top-5 accuracy":88.81199955940247,"Raw vs. Projection Cosine Similarity Variance":2.384185791015625e-07,"Modified Top-1 accuracy":63.297998905181885,"_runtime":0.529232075,"_step":0,"Pairwise Modified Top-k Embedding Preservation":0.7629335400390626,"Raw vs. Projection Cosine Similarity":1,"Modified Cosine Similarity":1}