{"Raw vs. Projection Cosine Similarity":0.80224609375,"_timestamp":1.7430898912678556e+09,"Modified Cosine Similarity":0.9431144728952524,"Pairwise Modified Top-k Embedding Preservation":0.831336376953125,"Candidate Preservation":0.94312759765625,"_step":0,"Modified Top-5 accuracy":88.81199955940247,"Raw vs. Projection Cosine Similarity Variance":8.809566497802734e-05,"_runtime":0.552976092,"_wandb":{"runtime":0},"Pairwise Original Top-k Embedding Preservation":0.7630180419921875,"Modified Top-1 accuracy":63.31799626350403}