{"Raw vs. Projection Cosine Similarity Variance":2.384185791015625e-07,"_timestamp":1.7430919281747062e+09,"Raw vs. Projection Cosine Similarity":1,"Pairwise Modified Top-k Embedding Preservation":0.7629342919921875,"_step":0,"Modified Top-5 accuracy":88.81199955940247,"_wandb":{"runtime":0},"Pairwise Original Top-k Embedding Preservation":0.7630180419921875,"Modified Cosine Similarity":1,"Modified Top-1 accuracy":63.297998905181885,"Candidate Preservation":0.999984736328125,"_runtime":0.582921426}