{"Candidate Preservation":0.905817265625,"_step":0,"_timestamp":1.7430900791398008e+09,"Modified Top-5 accuracy":88.81199955940247,"Pairwise Modified Top-k Embedding Preservation":0.7471365771484375,"Raw vs. Projection Cosine Similarity Variance":8.809566497802734e-05,"_runtime":0.549078395,"Raw vs. Projection Cosine Similarity":0.80224609375,"_wandb":{"runtime":0},"Modified Cosine Similarity":0.9058215946567302,"Pairwise Original Top-k Embedding Preservation":0.7630180419921875,"Modified Top-1 accuracy":63.297998905181885}