{"Top-1 accuracy":46.776,"Top-5 accuracy":75.956,"_wandb":{"runtime":0},"_timestamp":1.7376080582957306e+09,"_runtime":0.58146694,"_step":0}