{"_step":0,"Top-1 accuracy":43.246,"_wandb":{"runtime":0},"Top-5 accuracy":69.25200000000001,"_timestamp":1.7376151881605349e+09,"_runtime":0.658484202}