{"_timestamp":1.7382673742857978e+09,"_runtime":0.968051613,"_step":0,"_wandb":{"runtime":1},"Modified Top-1 accuracy":63.18399906158447,"Modified Top-5 accuracy":88.80599737167358}