{"Modified Top-1 accuracy":62.05599904060364,"Modified Top-5 accuracy":88.81199955940247,"_runtime":0.528677351,"_step":0,"Raw vs. Projection Cosine Similarity":0.80078125,"Raw vs. Projection Cosine Similarity Variance":8.922815322875977e-05,"Pairwise Modified Top-k Embedding Preservation":0.722233173828125,"_timestamp":1.7430890629847937e+09,"Pairwise Original Top-k Embedding Preservation":0.7363510791015625,"Candidate Preservation":0.99411974609375,"_wandb":{"runtime":0},"Modified Cosine Similarity":0.994117297688309}