{"_wandb":{"runtime":1},"Top-1 accuracy":41.696,"Top-5 accuracy":67.456,"_timestamp":1.7376434388913608e+09,"_runtime":1.033756626,"_step":0}