{"_timestamp":1.7382666489177306e+09,"_runtime":0.690444021,"_step":0,"_wandb":{"runtime":0},"Modified Top-1 accuracy":60.593998432159424,"Modified Top-5 accuracy":88.80599737167358}