{"Top-5 accuracy":0,"_wandb":{"runtime":0},"_timestamp":1.7376064658052068e+09,"_runtime":0.593588261,"_step":0,"Top-1 accuracy":0}