{"Top-1 accuracy":13.356000000000002,"Top-5 accuracy":26.314,"_timestamp":1.7376119032153707e+09,"_runtime":0.600572626,"_step":0,"_wandb":{"runtime":0}}