{"_step":0,"Top-1 accuracy":44.282,"Top-5 accuracy":71.028,"_timestamp":1.7376271539912586e+09,"_runtime":0.649513651,"_wandb":{"runtime":0}}