{"_wandb":{"runtime":0},"_timestamp":1.737653043133915e+09,"_runtime":0.991478988,"_step":0,"Top-1 accuracy":50.226000000000006,"Top-5 accuracy":79.762}