{"_timestamp":1.7376225056395848e+09,"_runtime":0.834915639,"_step":0,"_wandb":{"runtime":0},"Top-1 accuracy":7.268,"Top-5 accuracy":17.169999999999998}