{"Modified Top-5 accuracy":88.81199955940247,"Pairwise Modified Top-k Embedding Preservation":0.989275732421875,"_timestamp":1.743067424796416e+09,"_runtime":0.497153977,"Pairwise Original Top-k Embedding Preservation":0.7489925341796875,"Candidate Preservation":0.844767275390625,"Raw vs. Projection Cosine Similarity Variance":0.005828857421875,"Modified Top-1 accuracy":48.57199788093567,"Modified Cosine Similarity":0.8446966677295918,"_step":0,"_wandb":{"runtime":0},"Raw vs. Projection Cosine Similarity":0.33251953125}