{"Modified Top-5 accuracy":88.80599737167358,"_timestamp":1.738274775913596e+09,"_runtime":0.815745857,"_step":0,"Modified Top-1 accuracy":63.30599784851074,"_wandb":{"runtime":80}}