{"Modified Cosine Similarity":0.9952965561224489,"_wandb":{"runtime":0},"Pairwise Original Top-k Embedding Preservation":0.7630180419921875,"_step":0,"Modified Top-5 accuracy":88.81199955940247,"Raw vs. Projection Cosine Similarity":0.5556640625,"Raw vs. Projection Cosine Similarity Variance":0.006072998046875,"Pairwise Modified Top-k Embedding Preservation":0.82373107421875,"Candidate Preservation":0.995347998046875,"_timestamp":1.7430922269807794e+09,"_runtime":0.660537256,"Modified Top-1 accuracy":62.38600015640259}