{"_step":0,"_wandb":{"runtime":1},"Top-1 accuracy":52.64,"Top-5 accuracy":81.174,"_timestamp":1.7376304454038353e+09,"_runtime":1.058843284}