{"_wandb":{"runtime":0},"_timestamp":1.7376141779416997e+09,"_runtime":0.682198836,"_step":0,"Top-1 accuracy":6.236,"Top-5 accuracy":15.58}