{"Modified Top-5 accuracy":88.81199955940247,"Raw vs. Projection Cosine Similarity Variance":7.587671279907227e-05,"Pairwise Modified Top-k Embedding Preservation":0.7624348046875,"Modified Cosine Similarity":0.9964654044229158,"Candidate Preservation":0.996468310546875,"Raw vs. Projection Cosine Similarity":0.79638671875,"_timestamp":1.7430889646270165e+09,"_step":0,"Pairwise Original Top-k Embedding Preservation":0.7489925341796875,"_wandb":{"runtime":0},"_runtime":0.535207688,"Modified Top-1 accuracy":58.7399959564209}