{"Modified Top-5 accuracy":88.80599737167358,"_wandb":{"runtime":0},"_timestamp":1.7382674456951709e+09,"_runtime":0.829449805,"_step":0,"Modified Top-1 accuracy":63.058000802993774}