{"_runtime":0.684223141,"_step":0,"Top-1 accuracy":0.034,"Top-5 accuracy":0.16999999999999998,"_timestamp":1.7376478997014844e+09,"_wandb":{"runtime":0}}