{"Pairwise Modified Top-k Embedding Preservation":0.7362744677734375,"Raw vs. Projection Cosine Similarity":0.365234375,"_runtime":0.529418849,"_step":0,"Raw vs. Projection Cosine Similarity Variance":0.0058441162109375,"Modified Cosine Similarity":1,"Pairwise Original Top-k Embedding Preservation":0.7363510791015625,"_wandb":{"runtime":0},"Modified Top-5 accuracy":88.81199955940247,"_timestamp":1.7430671392018301e+09,"Candidate Preservation":1.00001947265625,"Modified Top-1 accuracy":62.05199956893921}