{"_step":0,"_wandb":{"runtime":0},"Modified Top-1 accuracy":62.22999691963196,"Modified Top-5 accuracy":88.80599737167358,"_timestamp":1.7382666559769433e+09,"_runtime":0.721715999}