{"_step":0,"_wandb":{"runtime":0},"Top-1 accuracy":0,"Top-5 accuracy":0,"_timestamp":1.7376065760529833e+09,"_runtime":0.541252917}