{"Pairwise Original Top-k Embedding Preservation":0.7630180419921875,"_runtime":0.556782816,"Modified Top-5 accuracy":88.81199955940247,"Raw vs. Projection Cosine Similarity Variance":0.0101776123046875,"Pairwise Modified Top-k Embedding Preservation":0.7629342919921875,"Modified Top-1 accuracy":63.297998905181885,"_step":0,"Modified Cosine Similarity":1,"_wandb":{"runtime":0},"Candidate Preservation":0.999984736328125,"_timestamp":1.743091829114316e+09,"Raw vs. Projection Cosine Similarity":0.5927734375}