{"_wandb":{"runtime":0},"Modified Top-1 accuracy":63.30599784851074,"Modified Top-5 accuracy":88.80599737167358,"_timestamp":1.73827485911484e+09,"_runtime":0.546419805,"_step":0}