{"Top-1 accuracy":29.552,"_wandb":{"runtime":0},"Top-5 accuracy":50.019999999999996,"_timestamp":1.7376362593844247e+09,"_runtime":0.831529404,"_step":0}