{"Modified Top-1 accuracy":60.972,"Modified Top-5 accuracy":87.034,"_timestamp":1.7380124226704712e+09,"_wandb":{"runtime":0},"_runtime":0.782710626,"_step":0}