{"_step":0,"Top-1 accuracy":39.198,"Top-5 accuracy":64.2,"_wandb":{"runtime":0},"_timestamp":1.7376265822423427e+09,"_runtime":0.636772643}