{"Top-1 accuracy":29.564,"Top-5 accuracy":50.014,"_timestamp":1.7376138303400888e+09,"_wandb":{"runtime":0},"_runtime":0.573783899,"_step":0}