{"_wandb":{"runtime":144},"_timestamp":1.7385323990590997e+09,"_runtime":0.964885374,"_step":0,"Modified Top-1 accuracy":63.29599618911743,"Modified Top-5 accuracy":88.80599737167358,"Modified Cosine Similarity":1}