{"_step":0,"_wandb":{"runtime":0},"Top-1 accuracy":46.776,"Top-5 accuracy":75.956,"_timestamp":1.7376360662661083e+09,"_runtime":0.683775074}