{"_timestamp":1.7382674764554324e+09,"_wandb":{"runtime":0},"_runtime":0.739943046,"_step":0,"Modified Top-1 accuracy":62.317997217178345,"Modified Top-5 accuracy":88.80599737167358}