{"_runtime":0.605504566,"_wandb":{"runtime":0},"_step":0,"Top-1 accuracy":7.282,"Top-5 accuracy":17.172,"_timestamp":1.7376103799517038e+09}