{"_wandb":{"runtime":0},"Modified Top-1 accuracy":61.97199821472168,"Modified Top-5 accuracy":88.80599737167358,"_timestamp":1.7382674930882893e+09,"_runtime":0.668085678,"_step":0}