{"_timestamp":1.7376280634603906e+09,"_runtime":1.268712578,"_step":0,"_wandb":{"runtime":1},"Top-1 accuracy":19.206,"Top-5 accuracy":38.152}