{"_timestamp":1.738012481640355e+09,"_runtime":0.64984232,"_step":0,"_wandb":{"runtime":0},"Modified Top-1 accuracy":61.936,"Modified Top-5 accuracy":87.75}