{"Modified Top-1 accuracy":63.30599784851074,"Modified Top-5 accuracy":88.80599737167358,"_timestamp":1.7382745682874312e+09,"_runtime":0.814459003,"_step":0,"_wandb":{"runtime":81}}