{"_timestamp":1.7380133132272294e+09,"_wandb":{"runtime":0},"_runtime":0.52516928,"_step":0,"Modified Top-1 accuracy":54.903999999999996,"Modified Top-5 accuracy":81.226}