{"Top-5 accuracy":71.146,"_timestamp":1.7376532559242578e+09,"_runtime":0.741351938,"_step":0,"_wandb":{"runtime":0},"Top-1 accuracy":44.212}