{"Modified Top-1 accuracy":61.54199838638306,"Modified Top-5 accuracy":88.80599737167358,"_timestamp":1.7382665896802227e+09,"_runtime":0.936671234,"_step":0,"_wandb":{"runtime":1}}