{"_step":0,"_wandb":{"runtime":0},"Top-1 accuracy":28.724,"Top-5 accuracy":49.378,"_timestamp":1.7376260010713856e+09,"_runtime":0.729515954}