{"Top-1 accuracy":1.072,"Top-5 accuracy":3.1780000000000004,"_timestamp":1.7376552988942494e+09,"_wandb":{"runtime":0},"_runtime":0.656321334,"_step":0}