{"_step":0,"Top-1 accuracy":52.339999999999996,"Top-5 accuracy":78.79,"_timestamp":1.737647084743945e+09,"_wandb":{"runtime":0},"_runtime":0.554251816}