{"Top-5 accuracy":3.624,"_timestamp":1.7376382856182873e+09,"_runtime":0.914545613,"_step":0,"_wandb":{"runtime":0},"Top-1 accuracy":1.388}