{"Candidate Preservation":0.80212404296875,"Pairwise Original Top-k Embedding Preservation":0.7630180419921875,"_runtime":0.547004579,"Modified Top-1 accuracy":63.27599883079529,"_wandb":{"runtime":0},"Modified Cosine Similarity":0.8021279646425831,"Raw vs. Projection Cosine Similarity Variance":8.809566497802734e-05,"_timestamp":1.7430535705584705e+09,"_step":0,"Raw vs. Projection Cosine Similarity":0.80224609375,"Modified Top-5 accuracy":88.81199955940247,"Pairwise Modified Top-k Embedding Preservation":0.907881416015625}