{"Candidate Preservation":0.967981962890625,"Modified Cosine Similarity":0.9679827008928571,"Pairwise Modified Top-k Embedding Preservation":0.7493373999023437,"_runtime":0.815050198,"_step":0,"Modified Top-5 accuracy":88.81199955940247,"Raw vs. Projection Cosine Similarity":0.9482421875,"Raw vs. Projection Cosine Similarity Variance":0.00266265869140625,"Pairwise Original Top-k Embedding Preservation":0.7630180419921875,"_wandb":{"runtime":0},"Modified Top-1 accuracy":58.608001470565796,"_timestamp":1.743092425905715e+09}