{"_runtime":0.480413525,"Raw vs. Projection Cosine Similarity Variance":0.005828857421875,"Pairwise Original Top-k Embedding Preservation":0.7489925341796875,"_timestamp":1.7430673312181115e+09,"Modified Top-1 accuracy":51.69999599456787,"_wandb":{"runtime":0},"Pairwise Modified Top-k Embedding Preservation":0.928308603515625,"Modified Cosine Similarity":0.9396823182397959,"Candidate Preservation":0.93969767578125,"Modified Top-5 accuracy":88.81199955940247,"_step":0,"Raw vs. Projection Cosine Similarity":0.33251953125}