{"_runtime":0.640009317,"_step":0,"_wandb":{"runtime":15},"Modified Top-1 accuracy":63.30599784851074,"Modified Top-5 accuracy":88.80599737167358,"_timestamp":1.7382741007637672e+09}