{"_runtime":0.698117688,"_step":0,"Top-1 accuracy":19.91,"Top-5 accuracy":37.516,"_wandb":{"runtime":0},"_timestamp":1.7376209343495457e+09}