{"_timestamp":1.7385346614431117e+09,"_runtime":0.520896068,"_step":0,"Modified Top-1 accuracy":63.29599618911743,"Modified Top-5 accuracy":88.80599737167358,"Modified Cosine Similarity":1,"_wandb":{"runtime":0}}