{"Modified Top-1 accuracy":13.29,"Modified Top-5 accuracy":27.968,"_timestamp":1.738017006480342e+09,"_wandb":{"runtime":1},"_runtime":1.137024352,"_step":0}