{"Raw vs. Projection Cosine Similarity":0.5556640625,"Raw vs. Projection Cosine Similarity Variance":0.006072998046875,"Candidate Preservation":0.964713671875,"Modified Top-1 accuracy":58.5099995136261,"Pairwise Modified Top-k Embedding Preservation":0.911847783203125,"Modified Top-5 accuracy":88.81199955940247,"_timestamp":1.7430925304921725e+09,"_runtime":0.57926226,"_wandb":{"runtime":0},"Modified Cosine Similarity":0.9647241709183674,"Pairwise Original Top-k Embedding Preservation":0.7630180419921875,"_step":0}