{"_step":0,"Modified Top-1 accuracy":63.29599618911743,"_wandb":{"runtime":383},"Modified Top-5 accuracy":88.80599737167358,"Modified Cosine Similarity":1.0000199570631825,"_timestamp":1.738715785133606e+09,"_runtime":0.730706899}