{"_timestamp":1.7376148529018414e+09,"_runtime":0.625436939,"_wandb":{"runtime":0},"_step":0,"Top-1 accuracy":0.034,"Top-5 accuracy":0.16999999999999998}