{"Pairwise Original Top-k Embedding Preservation":0.7630180419921875,"Pairwise Modified Top-k Embedding Preservation":0.7629348095703125,"Modified Cosine Similarity":1,"Raw vs. Projection Cosine Similarity Variance":2.384185791015625e-07,"_step":0,"Candidate Preservation":0.99998498046875,"Modified Top-1 accuracy":63.297998905181885,"_wandb":{"runtime":0},"_runtime":0.546396751,"_timestamp":1.743091435510872e+09,"Modified Top-5 accuracy":88.81199955940247,"Raw vs. Projection Cosine Similarity":1}