{"_runtime":0.605961627,"_step":0,"_wandb":{"runtime":0},"Top-1 accuracy":7.675999999999999,"Top-5 accuracy":20.392,"_timestamp":1.7376378702035868e+09}