{"Modified Top-1 accuracy":63.30599784851074,"_step":0,"Raw vs. Projection Cosine Similarity":1,"Raw vs. Projection Cosine Similarity Variance":2.384185791015625e-07,"Modified Top-5 accuracy":88.81199955940247,"Pairwise Original Top-k Embedding Preservation":0.7630180419921875,"Candidate Preservation":0.9999840625,"_wandb":{"runtime":0},"Pairwise Modified Top-k Embedding Preservation":0.7629197607421875,"_runtime":0.596132755,"_timestamp":1.743091341612405e+09,"Modified Cosine Similarity":1}