{"_wandb":{"runtime":0},"Modified Top-1 accuracy":63.242000341415405,"Modified Top-5 accuracy":88.80599737167358,"_timestamp":1.738266620828475e+09,"_runtime":0.804862952,"_step":0}