{"_timestamp":1.7430921318551378e+09,"Candidate Preservation":0.999980087890625,"_runtime":0.599125729,"Modified Cosine Similarity":1,"Modified Top-1 accuracy":63.29999566078186,"Pairwise Modified Top-k Embedding Preservation":0.7629222607421875,"_wandb":{"runtime":0},"Raw vs. Projection Cosine Similarity":1,"Raw vs. Projection Cosine Similarity Variance":2.384185791015625e-07,"Pairwise Original Top-k Embedding Preservation":0.7630180419921875,"_step":0,"Modified Top-5 accuracy":88.81199955940247}