{"_runtime":0.557494721,"_step":0,"_wandb":{"runtime":0},"Top-1 accuracy":0,"Top-5 accuracy":0,"_timestamp":1.7376063501149137e+09}