{"_runtime":0.611529165,"_step":0,"_wandb":{"runtime":0},"Top-1 accuracy":51.596,"Top-5 accuracy":81.07600000000001,"_timestamp":1.737643218601065e+09}