{"_timestamp":1.7376546997351637e+09,"_runtime":0.774967955,"_step":0,"_wandb":{"runtime":0},"Top-1 accuracy":45.284,"Top-5 accuracy":71.408}