{"_timestamp":1.7376581730976887e+09,"_runtime":0.79159338,"_step":0,"Top-1 accuracy":51.87199999999999,"_wandb":{"runtime":0},"Top-5 accuracy":80.202}