{"_timestamp":1.7382673844278302e+09,"_wandb":{"runtime":0},"_runtime":0.615891838,"_step":0,"Modified Top-1 accuracy":63.20199966430664,"Modified Top-5 accuracy":88.80599737167358}