{"_step":0,"_wandb":{"runtime":0},"Top-1 accuracy":38.034,"Top-5 accuracy":62.86000000000001,"_timestamp":1.737629426482534e+09,"_runtime":0.578242785}