{"_runtime":0.823970346,"Raw vs. Projection Cosine Similarity":0.9482421875,"_timestamp":1.7430920287336264e+09,"Pairwise Original Top-k Embedding Preservation":0.7630180419921875,"Modified Cosine Similarity":0.9974589445153061,"Pairwise Modified Top-k Embedding Preservation":0.75947861328125,"Candidate Preservation":0.997479169921875,"Raw vs. Projection Cosine Similarity Variance":0.00266265869140625,"_wandb":{"runtime":0},"Modified Top-1 accuracy":63.04999589920044,"Modified Top-5 accuracy":88.81199955940247,"_step":0}