{"_step":0,"_wandb":{"runtime":0},"Modified Top-1 accuracy":62.922000885009766,"Modified Top-5 accuracy":88.80599737167358,"_timestamp":1.7382664917125514e+09,"_runtime":0.658891809}