{"Top-5 accuracy":38.048,"_timestamp":1.7376274967285712e+09,"_runtime":0.592086203,"_step":0,"_wandb":{"runtime":0},"Top-1 accuracy":20.426}