{"Candidate Preservation":0.99998474609375,"_runtime":0.552224967,"_step":0,"Raw vs. Projection Cosine Similarity":1,"Modified Top-5 accuracy":88.81199955940247,"Modified Cosine Similarity":1,"Pairwise Modified Top-k Embedding Preservation":0.7629341455078125,"_wandb":{"runtime":0},"Raw vs. Projection Cosine Similarity Variance":2.384185791015625e-07,"_timestamp":1.7430915306752064e+09,"Pairwise Original Top-k Embedding Preservation":0.7630180419921875,"Modified Top-1 accuracy":63.29599618911743}