{"_wandb":{"runtime":0},"Top-1 accuracy":1.388,"Top-5 accuracy":3.624,"_timestamp":1.7376093238726165e+09,"_runtime":0.956684231,"_step":0}