{"_step":0,"_wandb":{"runtime":1},"Top-1 accuracy":28.352,"Top-5 accuracy":48.925999999999995,"_timestamp":1.7376499936638114e+09,"_runtime":1.118666189}