{"_timestamp":1.7382675148685982e+09,"_runtime":0.636610057,"_step":0,"Modified Top-1 accuracy":62.47599720954895,"_wandb":{"runtime":0},"Modified Top-5 accuracy":88.80599737167358}