{"_timestamp":1.7382666173088827e+09,"_runtime":0.69802005,"_step":0,"_wandb":{"runtime":0},"Modified Top-1 accuracy":61.441999673843384,"Modified Top-5 accuracy":88.80599737167358}