{"_wandb":{"runtime":1},"Top-1 accuracy":29.636000000000003,"Top-5 accuracy":50.483999999999995,"_timestamp":1.7376266990530574e+09,"_runtime":1.6512698110000001,"_step":0}