{"Top-5 accuracy":77.498,"_timestamp":1.7376235539816167e+09,"_runtime":0.77323018,"_step":0,"Top-1 accuracy":50.522,"_wandb":{"runtime":0}}