{"Pairwise Original Top-k Embedding Preservation":0.7489925341796875,"Pairwise Modified Top-k Embedding Preservation":0.90106873046875,"_runtime":0.506717321,"Modified Cosine Similarity":0.7963427584998461,"_timestamp":1.7430672341341925e+09,"Candidate Preservation":0.796338583984375,"Modified Top-1 accuracy":58.678001165390015,"Modified Top-5 accuracy":88.81199955940247,"Raw vs. Projection Cosine Similarity":0.79638671875,"_step":0,"_wandb":{"runtime":0},"Raw vs. Projection Cosine Similarity Variance":7.587671279907227e-05}