{"_step":0,"Modified Top-1 accuracy":63.30999732017517,"Modified Top-5 accuracy":88.80599737167358,"_timestamp":1.7382674319881074e+09,"_runtime":0.594024498,"_wandb":{"runtime":0}}