{"Top-1 accuracy":7.739999999999999,"Top-5 accuracy":15.840000000000002,"_wandb":{"runtime":0},"_timestamp":1.737606923099442e+09,"_runtime":0.557596312,"_step":0}