{"_wandb":{"runtime":1},"Top-1 accuracy":22.552,"Top-5 accuracy":43.292,"_timestamp":1.737622240729755e+09,"_runtime":1.22160507,"_step":0}