{"_step":0,"_wandb":{"runtime":0},"Modified Top-1 accuracy":59.026,"Modified Top-5 accuracy":85.2,"_timestamp":1.738012426351825e+09,"_runtime":0.646287221}