{"_timestamp":1.7430912124508107e+09,"Pairwise Modified Top-k Embedding Preservation":0.7629315380859375,"Modified Top-1 accuracy":63.30199837684631,"_step":0,"Modified Top-5 accuracy":88.81199955940247,"Modified Cosine Similarity":1,"Pairwise Original Top-k Embedding Preservation":0.7630180419921875,"Candidate Preservation":0.99998453125,"_wandb":{"runtime":0},"_runtime":0.520394589,"Raw vs. Projection Cosine Similarity":1,"Raw vs. Projection Cosine Similarity Variance":2.384185791015625e-07}