{"_wandb":{"runtime":0},"Modified Top-1 accuracy":63.297998905181885,"Modified Top-5 accuracy":88.80599737167358,"_timestamp":1.7382674664151847e+09,"_runtime":0.547701694,"_step":0}