{"Modified Top-1 accuracy":48.98199737071991,"_wandb":{"runtime":144},"Modified Top-5 accuracy":88.80599737167358,"Modified Cosine Similarity":0.8369140625,"_timestamp":1.7385325454978242e+09,"_runtime":0.543954778,"_step":0}