{"Raw vs. Projection Cosine Similarity":0.80224609375,"Modified Top-1 accuracy":63.2860004901886,"_timestamp":1.7430535756778548e+09,"Modified Top-5 accuracy":88.81199955940247,"Pairwise Modified Top-k Embedding Preservation":0.907880390625,"_runtime":0.518608134,"Modified Cosine Similarity":0.8021279658590045,"_wandb":{"runtime":0},"Candidate Preservation":0.8021266015625,"Pairwise Original Top-k Embedding Preservation":0.7630180419921875,"_step":0,"Raw vs. Projection Cosine Similarity Variance":8.809566497802734e-05}