{"Modified Cosine Similarity":0.9797911352040817,"Raw vs. Projection Cosine Similarity":0.974609375,"Candidate Preservation":0.97972759765625,"_step":0,"Raw vs. Projection Cosine Similarity Variance":0.0009899139404296875,"_wandb":{"runtime":0},"Pairwise Modified Top-k Embedding Preservation":0.7700871435546875,"_runtime":0.576566003,"Pairwise Original Top-k Embedding Preservation":0.7630180419921875,"_timestamp":1.7430923252376337e+09,"Modified Top-5 accuracy":88.81199955940247,"Modified Top-1 accuracy":59.671998023986816}