{"_wandb":{"runtime":0},"_timestamp":1.7376557237981257e+09,"_runtime":0.795566141,"_step":0,"Top-1 accuracy":55.938,"Top-5 accuracy":83.342}