{"Top-5 accuracy":5.172000000000001,"_timestamp":1.7376085210355403e+09,"_runtime":0.67482085,"_step":0,"_wandb":{"runtime":0},"Top-1 accuracy":2.018}