{"Top-1 accuracy":39.832,"_wandb":{"runtime":0},"Top-5 accuracy":64.858,"_timestamp":1.7376130254915838e+09,"_runtime":0.638084073,"_step":0}