{"Top-1 accuracy":52.286,"Top-5 accuracy":81.706,"_timestamp":1.7376183084011402e+09,"_runtime":0.733794693,"_step":0,"_wandb":{"runtime":0}}