{"_wandb":{"runtime":0},"Candidate Preservation":0.89024826171875,"_timestamp":1.7430928167706172e+09,"Modified Cosine Similarity":0.8902064732142857,"Modified Top-1 accuracy":50.409996509552,"Raw vs. Projection Cosine Similarity":0.568359375,"Modified Top-5 accuracy":88.81199955940247,"Pairwise Original Top-k Embedding Preservation":0.7630180419921875,"Raw vs. Projection Cosine Similarity Variance":0.007213592529296875,"_runtime":0.535639912,"Pairwise Modified Top-k Embedding Preservation":0.977141865234375,"_step":0}