{"_step":0,"Modified Top-1 accuracy":63.0840003490448,"Modified Top-5 accuracy":88.80599737167358,"_timestamp":1.738266549753661e+09,"_runtime":0.761690193,"_wandb":{"runtime":0}}