{"Modified Top-5 accuracy":88.80599737167358,"_timestamp":1.7382736253425667e+09,"_runtime":0.53493847,"_step":0,"_wandb":{"runtime":75},"Modified Top-1 accuracy":63.30599784851074}