{"Raw vs. Projection Cosine Similarity Variance":0.00417327880859375,"Candidate Preservation":0.982123583984375,"_timestamp":1.743091211788894e+09,"_wandb":{"runtime":0},"Modified Top-5 accuracy":88.81199955940247,"Pairwise Original Top-k Embedding Preservation":0.7630180419921875,"Raw vs. Projection Cosine Similarity":0.51123046875,"Modified Top-1 accuracy":62.44399547576904,"Pairwise Modified Top-k Embedding Preservation":0.63251525390625,"_step":0,"Modified Cosine Similarity":0.9821528220663265,"_runtime":0.562887703}