{"_step":0,"_wandb":{"runtime":0},"Top-1 accuracy":29.642000000000003,"Top-5 accuracy":50.498,"_timestamp":1.7376512581200755e+09,"_runtime":0.700762121}