{"_wandb":{"runtime":1},"Modified Top-5 accuracy":88.80599737167358,"_timestamp":1.7382665786757507e+09,"_runtime":1.133527723,"_step":0,"Modified Top-1 accuracy":61.236000061035156}