{"_timestamp":1.7376278347052305e+09,"_runtime":0.587493634,"_step":0,"_wandb":{"runtime":0},"Top-1 accuracy":52.32599999999999,"Top-5 accuracy":78.78}