{"Modified Top-5 accuracy":88.80599737167358,"_timestamp":1.7382743879114792e+09,"_runtime":0.580941132,"_step":0,"_wandb":{"runtime":68},"Modified Top-1 accuracy":63.30599784851074}