{"_step":0,"_wandb":{"runtime":1},"Top-1 accuracy":4.61,"Top-5 accuracy":11.020000000000001,"_timestamp":1.737645471345153e+09,"_runtime":1.045127995}