{"Modified Top-5 accuracy":88.81199955940247,"Raw vs. Projection Cosine Similarity Variance":2.384185791015625e-07,"Candidate Preservation":0.99999662109375,"_timestamp":1.7430928173616138e+09,"Modified Top-1 accuracy":63.29599618911743,"Modified Cosine Similarity":1,"Raw vs. Projection Cosine Similarity":1,"_runtime":0.597098945,"_step":0,"Pairwise Modified Top-k Embedding Preservation":0.7628961376953125,"Pairwise Original Top-k Embedding Preservation":0.7630180419921875,"_wandb":{"runtime":0}}