{"Candidate Preservation":1.000019140625,"Raw vs. Projection Cosine Similarity":0.80224609375,"Modified Top-1 accuracy":63.3139967918396,"_wandb":{"runtime":0},"Modified Top-5 accuracy":88.81199955940247,"_step":0,"Modified Cosine Similarity":1.000067530846109,"Raw vs. Projection Cosine Similarity Variance":8.809566497802734e-05,"_runtime":0.650071359,"_timestamp":1.7430900801771438e+09,"Pairwise Original Top-k Embedding Preservation":0.7630180419921875,"Pairwise Modified Top-k Embedding Preservation":0.7630185791015625}