{"Raw vs. Projection Cosine Similarity Variance":2.384185791015625e-07,"_timestamp":1.7430923270390494e+09,"Raw vs. Projection Cosine Similarity":1,"Modified Cosine Similarity":1,"Modified Top-5 accuracy":88.81199955940247,"_wandb":{"runtime":0},"Candidate Preservation":0.999981982421875,"Pairwise Modified Top-k Embedding Preservation":0.7629176220703126,"_step":0,"Modified Top-1 accuracy":63.30599784851074,"Pairwise Original Top-k Embedding Preservation":0.7630180419921875,"_runtime":0.526878862}