{"Top-1 accuracy":7.675999999999999,"Top-5 accuracy":20.392,"_timestamp":1.7376090928369892e+09,"_runtime":0.635520677,"_step":0,"_wandb":{"runtime":0}}