{"Top-5 accuracy":75.942,"_timestamp":1.7376456722539737e+09,"_wandb":{"runtime":0},"_runtime":0.722932602,"_step":0,"Top-1 accuracy":46.758}