{"_step":0,"_wandb":{"runtime":1},"Top-1 accuracy":21.688,"Top-5 accuracy":39.394,"_timestamp":1.737624049116853e+09,"_runtime":1.010983255}