{"Pairwise Modified Top-k Embedding Preservation":0.768515146484375,"Candidate Preservation":0.787887041015625,"_step":0,"Modified Cosine Similarity":0.7878850053767769,"_timestamp":1.7430891541424568e+09,"Modified Top-5 accuracy":88.81199955940247,"Raw vs. Projection Cosine Similarity Variance":7.587671279907227e-05,"Pairwise Original Top-k Embedding Preservation":0.7489925341796875,"_wandb":{"runtime":0},"Modified Top-1 accuracy":58.757996559143066,"Raw vs. Projection Cosine Similarity":0.79638671875,"_runtime":0.519764534}