{"Modified Top-1 accuracy":58.053999999999995,"Modified Top-5 accuracy":84.322,"_timestamp":1.738012476825603e+09,"_runtime":0.728991491,"_step":0,"_wandb":{"runtime":0}}