{"Top-5 accuracy":35.504000000000005,"_timestamp":1.7376601860068696e+09,"_runtime":3.743156056,"_step":0,"_wandb":{"runtime":3},"Top-1 accuracy":19.067999999999998}