{"_runtime":0.589673071,"_step":0,"Modified Top-1 accuracy":59.877997636795044,"Modified Top-5 accuracy":88.80599737167358,"_wandb":{"runtime":0},"_timestamp":1.7382664531981924e+09}