{"_runtime":0.574573248,"Pairwise Modified Top-k Embedding Preservation":0.75007064453125,"Raw vs. Projection Cosine Similarity Variance":8.809566497802734e-05,"_timestamp":1.743089063876843e+09,"Raw vs. Projection Cosine Similarity":0.80224609375,"Modified Top-5 accuracy":88.81199955940247,"Modified Cosine Similarity":0.994083931251448,"_wandb":{"runtime":0},"Candidate Preservation":0.994097744140625,"_step":0,"Modified Top-1 accuracy":63.31999897956848,"Pairwise Original Top-k Embedding Preservation":0.7630180419921875}