{"_step":0,"_wandb":{"runtime":0},"Modified Top-1 accuracy":62.68199682235718,"Modified Top-5 accuracy":88.80599737167358,"_timestamp":1.7382674184799385e+09,"_runtime":0.772993905}