{"_step":0,"_wandb":{"runtime":1},"Modified Top-1 accuracy":39.5719975233078,"Modified Top-5 accuracy":88.80599737167358,"_timestamp":1.738266464701947e+09,"_runtime":0.90215964}