{"Pairwise Modified Top-k Embedding Preservation":0.7629308740234375,"Modified Top-1 accuracy":63.29599618911743,"Candidate Preservation":0.999982216796875,"Raw vs. Projection Cosine Similarity Variance":2.384185791015625e-07,"Modified Top-5 accuracy":88.81199955940247,"_runtime":0.602426713,"Pairwise Original Top-k Embedding Preservation":0.7630180419921875,"_wandb":{"runtime":0},"_timestamp":1.7430924265520866e+09,"_step":0,"Modified Cosine Similarity":1,"Raw vs. Projection Cosine Similarity":1}