{"_runtime":0.978304492,"_step":0,"Top-1 accuracy":7.272,"_wandb":{"runtime":0},"Top-5 accuracy":17.172,"_timestamp":1.7376474898587685e+09}