{"_timestamp":1.7376132534346714e+09,"_runtime":1.313844308,"_step":0,"Top-1 accuracy":17.78,"Top-5 accuracy":34.721999999999994,"_wandb":{"runtime":1}}