{"_wandb":{"runtime":15},"Modified Top-5 accuracy":88.80599737167358,"_timestamp":1.738273703628817e+09,"_runtime":0.596228533,"_step":0,"Modified Top-1 accuracy":63.30599784851074}