{"_step":0,"_wandb":{"runtime":1},"Modified Top-1 accuracy":62.49799728393555,"Modified Top-5 accuracy":88.80599737167358,"_timestamp":1.7382666421328914e+09,"_runtime":0.953488734}