{"_timestamp":1.7376105098276901e+09,"_runtime":0.58007655,"_wandb":{"runtime":0},"_step":0,"Top-1 accuracy":0.264,"Top-5 accuracy":0.9199999999999999}