{"_runtime":0.637651579,"_step":0,"_wandb":{"runtime":0},"Top-1 accuracy":39.418,"Top-5 accuracy":64.642,"_timestamp":1.7376561339106967e+09}