{"_timestamp":1.737646094613638e+09,"_runtime":0.800382942,"_step":0,"_wandb":{"runtime":0},"Top-1 accuracy":29.564,"Top-5 accuracy":50.014}