{"_timestamp":1.7382665070059175e+09,"_runtime":0.736033162,"_step":0,"_wandb":{"runtime":0},"Modified Top-1 accuracy":61.92399859428406,"Modified Top-5 accuracy":88.80599737167358}