{"Modified Cosine Similarity":0.8369140625,"_timestamp":1.7385340745198605e+09,"_wandb":{"runtime":143},"_runtime":0.591692066,"_step":0,"Modified Top-1 accuracy":48.98199737071991,"Modified Top-5 accuracy":88.80599737167358}