{"Top-5 accuracy":88.804,"_timestamp":1.7376324403437922e+09,"_runtime":0.588850616,"_step":0,"_wandb":{"runtime":0},"Top-1 accuracy":63.358000000000004}