{"_runtime":0.767901793,"_step":0,"Top-1 accuracy":56.614,"Top-5 accuracy":85.16,"_timestamp":1.7376255432942567e+09,"_wandb":{"runtime":0}}