{"Modified Cosine Similarity":1,"Modified Top-5 accuracy":88.81199955940247,"_timestamp":1.7430919312404113e+09,"_step":0,"Modified Top-1 accuracy":63.297998905181885,"_wandb":{"runtime":0},"Raw vs. Projection Cosine Similarity Variance":2.384185791015625e-07,"Raw vs. Projection Cosine Similarity":1,"Pairwise Original Top-k Embedding Preservation":0.7630180419921875,"Pairwise Modified Top-k Embedding Preservation":0.7629342919921875,"_runtime":0.549683787,"Candidate Preservation":0.999984736328125}