{"Top-1 accuracy":48.974000000000004,"Top-5 accuracy":78.508,"_timestamp":1.737644480061102e+09,"_runtime":1.081009496,"_wandb":{"runtime":1},"_step":0}