{"Top-1 accuracy":16.753999999999998,"Top-5 accuracy":31.892,"_timestamp":1.7376514673535764e+09,"_runtime":0.947394751,"_wandb":{"runtime":0},"_step":0}