{"_timestamp":1.7376276108462088e+09,"_runtime":0.593015779,"_wandb":{"runtime":0},"_step":0,"Top-1 accuracy":63.354,"Top-5 accuracy":88.818}