{"_timestamp":1.7376153038164034e+09,"_runtime":0.547728729,"_step":0,"Top-1 accuracy":24.744,"_wandb":{"runtime":0},"Top-5 accuracy":43.656}