{"Modified Top-5 accuracy":88.81199955940247,"_wandb":{"runtime":0},"Modified Top-1 accuracy":62.953996658325195,"_step":0,"_runtime":0.551286058,"Candidate Preservation":0.99279150390625,"Raw vs. Projection Cosine Similarity Variance":0.0053558349609375,"Pairwise Original Top-k Embedding Preservation":0.7630180419921875,"_timestamp":1.7430670451544123e+09,"Modified Cosine Similarity":0.9928352200255102,"Pairwise Modified Top-k Embedding Preservation":0.695670234375,"Raw vs. Projection Cosine Similarity":0.338623046875}