{"Candidate Preservation":0.961368466796875,"Pairwise Modified Top-k Embedding Preservation":0.913341064453125,"Modified Cosine Similarity":0.9613659917091837,"Pairwise Original Top-k Embedding Preservation":0.7630180419921875,"_runtime":0.63801944,"Raw vs. Projection Cosine Similarity":0.5927734375,"_timestamp":1.7430925309816346e+09,"Raw vs. Projection Cosine Similarity Variance":0.0101776123046875,"_wandb":{"runtime":0},"_step":0,"Modified Top-5 accuracy":88.81199955940247,"Modified Top-1 accuracy":57.53399729728699}