{"Top-5 accuracy":32.844,"_timestamp":1.7376089785131443e+09,"_runtime":0.580966314,"_step":0,"_wandb":{"runtime":0},"Top-1 accuracy":15.338}