{"Modified Cosine Similarity":0.9219881953025351,"Raw vs. Projection Cosine Similarity":0.80078125,"_step":0,"Pairwise Modified Top-k Embedding Preservation":0.827710322265625,"Modified Top-5 accuracy":88.81199955940247,"_runtime":0.535948146,"Pairwise Original Top-k Embedding Preservation":0.7363510791015625,"_timestamp":1.743089886493166e+09,"_wandb":{"runtime":0},"Modified Top-1 accuracy":62.02399730682373,"Raw vs. Projection Cosine Similarity Variance":8.922815322875977e-05,"Candidate Preservation":0.921983115234375}