{"_timestamp":1.7376269242524297e+09,"_runtime":0.675557027,"_step":0,"_wandb":{"runtime":0},"Top-1 accuracy":52.714000000000006,"Top-5 accuracy":82.004}