{"Modified Top-1 accuracy":62.75799870491028,"Modified Top-5 accuracy":88.80599737167358,"_timestamp":1.7382666385451539e+09,"_runtime":0.826477855,"_step":0,"_wandb":{"runtime":0}}