{"Modified Top-5 accuracy":0.47000000000000003,"_wandb":{"runtime":0},"_timestamp":1.7380162750396378e+09,"_runtime":0.583120083,"_step":0,"Modified Top-1 accuracy":0.12}