{"Top-1 accuracy":3.676,"Top-5 accuracy":8.044,"_timestamp":1.737612017973471e+09,"_wandb":{"runtime":0},"_runtime":0.546854144,"_step":0}