{"Top-1 accuracy":46.276,"Top-5 accuracy":73.27799999999999,"_timestamp":1.7376410503815396e+09,"_runtime":1.453478538,"_step":0,"_wandb":{"runtime":1}}