{"_wandb":{"runtime":0},"Top-1 accuracy":4.61,"Top-5 accuracy":11.020000000000001,"_timestamp":1.7376134769403558e+09,"_runtime":0.541546611,"_step":0}