{"_timestamp":1.7385331324845083e+09,"_runtime":1.025623421,"_step":0,"_wandb":{"runtime":1},"Modified Top-1 accuracy":63.29599618911743,"Modified Top-5 accuracy":88.80599737167358,"Modified Cosine Similarity":1}