{"_runtime":0.624424306,"_step":0,"_wandb":{"runtime":0},"Modified Top-1 accuracy":63.15999627113342,"Modified Top-5 accuracy":88.80599737167358,"_timestamp":1.7382675000159101e+09}