{"_runtime":0.729272796,"_step":0,"_wandb":{"runtime":0},"Modified Top-1 accuracy":62.39199638366699,"Modified Top-5 accuracy":88.80599737167358,"_timestamp":1.7382665535220678e+09}