{"Modified Top-1 accuracy":63.269996643066406,"_wandb":{"runtime":0},"Pairwise Modified Top-k Embedding Preservation":0.76229626953125,"Pairwise Original Top-k Embedding Preservation":0.7630180419921875,"Modified Cosine Similarity":0.9993124202806123,"Candidate Preservation":0.99935169921875,"_timestamp":1.7430913372430775e+09,"Modified Top-5 accuracy":88.81199955940247,"Raw vs. Projection Cosine Similarity Variance":0.0009899139404296875,"_runtime":0.593384914,"Raw vs. Projection Cosine Similarity":0.974609375,"_step":0}