{"_timestamp":1.7382666105072875e+09,"_runtime":0.935091133,"_step":0,"_wandb":{"runtime":1},"Modified Top-1 accuracy":62.66399621963501,"Modified Top-5 accuracy":88.80599737167358}