{"_runtime":1.229192283,"_step":0,"Top-1 accuracy":29.165999999999997,"Top-5 accuracy":49.134,"_wandb":{"runtime":1},"_timestamp":1.7376088634763563e+09}