{"_wandb":{"runtime":1},"_timestamp":1.7376309011028762e+09,"_runtime":1.222070231,"_step":0,"Top-1 accuracy":28.939999999999998,"Top-5 accuracy":49.656}