{"_step":0,"_wandb":{"runtime":0},"Top-1 accuracy":7.052,"Top-5 accuracy":15.554000000000002,"_timestamp":1.73765654969331e+09,"_runtime":0.809004696}