{"_wandb":{"runtime":0},"_runtime":0.55239759,"_step":0,"Top-1 accuracy":0.004,"Top-5 accuracy":0.03,"_timestamp":1.7376106263637974e+09}