{"_step":0,"Modified Top-1 accuracy":61.77999973297119,"Modified Top-5 accuracy":88.80599737167358,"_timestamp":1.7382666314592888e+09,"_wandb":{"runtime":0},"_runtime":0.595793947}