{"Modified Top-5 accuracy":88.80599737167358,"_timestamp":1.7382665999321184e+09,"_runtime":0.839511922,"_step":0,"Modified Top-1 accuracy":61.08199954032898,"_wandb":{"runtime":0}}