{"_timestamp":1.73826754968493e+09,"_runtime":0.787484686,"_step":0,"_wandb":{"runtime":0},"Modified Top-1 accuracy":62.45399713516235,"Modified Top-5 accuracy":88.80599737167358}