{"Top-1 accuracy":39.885999999999996,"Top-5 accuracy":65.402,"_wandb":{"runtime":0},"_timestamp":1.7376585841535635e+09,"_runtime":0.806465948,"_step":0}