{"_timestamp":1.7376303347117603e+09,"_runtime":0.5433622,"_step":0,"Top-1 accuracy":56.194,"_wandb":{"runtime":0},"Top-5 accuracy":84.88799999999999}