{"_runtime":0.713667882,"Modified Top-5 accuracy":88.81199955940247,"Modified Cosine Similarity":1,"Modified Top-1 accuracy":63.297998905181885,"Pairwise Modified Top-k Embedding Preservation":0.7629350732421875,"Pairwise Original Top-k Embedding Preservation":0.7630180419921875,"Candidate Preservation":0.99998474609375,"_timestamp":1.7430920367480686e+09,"Raw vs. Projection Cosine Similarity":1,"_step":0,"Raw vs. Projection Cosine Similarity Variance":2.384185791015625e-07,"_wandb":{"runtime":0}}