{"_timestamp":1.7376295359762623e+09,"_runtime":0.567789636,"_step":0,"_wandb":{"runtime":0},"Top-1 accuracy":24.728,"Top-5 accuracy":43.674}