{"_wandb":{"runtime":0},"Top-1 accuracy":3.496,"Top-5 accuracy":8.154,"_timestamp":1.7376354922923877e+09,"_runtime":0.954591127,"_step":0}