{"_wandb":{"runtime":0},"Top-1 accuracy":15.338,"Top-5 accuracy":32.844,"_timestamp":1.7376376638201811e+09,"_runtime":0.57336271,"_step":0}