{"_timestamp":1.7382665964553459e+09,"_runtime":0.700797807,"_step":0,"_wandb":{"runtime":0},"Modified Top-1 accuracy":59.3239963054657,"Modified Top-5 accuracy":88.80599737167358}