{"Pairwise Modified Top-k Embedding Preservation":0.7775551876831055,"_wandb":{"runtime":0},"Raw vs. Projection Cosine Similarity":0.982421875,"Raw vs. Projection Cosine Similarity Variance":0.0005650520324707031,"Pairwise Original Top-k Embedding Preservation":0.7630180419921875,"Modified Top-5 accuracy":88.81199955940247,"Modified Top-1 accuracy":44.68199908733368,"_timestamp":1.7430926211321778e+09,"_runtime":0.525796832,"Candidate Preservation":0.8687768310546875,"_step":0,"Modified Cosine Similarity":0.8689313616071429}