{"_step":0,"_wandb":{"runtime":1},"Modified Top-1 accuracy":62.94599771499634,"Modified Top-5 accuracy":88.80599737167358,"Modified Cosine Similarity":0.99951171875,"_timestamp":1.7386331607870934e+09,"_runtime":0.896360985}