{"Top-1 accuracy":57.778,"Top-5 accuracy":84.734,"_timestamp":1.73762840443478e+09,"_runtime":0.587361102,"_step":0,"_wandb":{"runtime":0}}