{"Top-5 accuracy":78.364,"_wandb":{"runtime":0},"_timestamp":1.737659408448042e+09,"_runtime":0.654177904,"_step":0,"Top-1 accuracy":49.938}