{"Top-1 accuracy":63.354,"Top-5 accuracy":88.818,"_timestamp":1.7376101256868057e+09,"_runtime":1.294288656,"_step":0,"_wandb":{"runtime":1}}