{"_timestamp":1.7376096679040968e+09,"_runtime":0.593731798,"_step":0,"_wandb":{"runtime":0},"Top-1 accuracy":16.03,"Top-5 accuracy":34.306}