{"_wandb":{"runtime":0},"_step":0,"Modified Top-1 accuracy":62.049996852874756,"Modified Top-5 accuracy":88.80599737167358,"_timestamp":1.738266645461079e+09,"_runtime":0.650730689}