{"_step":0,"_wandb":{"runtime":0},"Top-1 accuracy":13.372,"Top-5 accuracy":25.802000000000003,"_timestamp":1.7376163447393014e+09,"_runtime":0.753153804}