{"_wandb":{"runtime":0},"_runtime":0.641016373,"_step":0,"Modified Top-1 accuracy":14.184,"Modified Top-5 accuracy":29.609999999999996,"_timestamp":1.7380169843142636e+09}