{"Modified Top-5 accuracy":88.80599737167358,"_timestamp":1.7382665747708783e+09,"_runtime":1.112720272,"_wandb":{"runtime":1},"_step":0,"Modified Top-1 accuracy":61.31199598312378}