{"Top-5 accuracy":62.552,"_timestamp":1.7376458875092173e+09,"_runtime":0.781686477,"_step":0,"_wandb":{"runtime":0},"Top-1 accuracy":38.47}