{"Top-5 accuracy":0.382,"_wandb":{"runtime":0},"_timestamp":1.7376086339394724e+09,"_runtime":0.549446752,"_step":0,"Top-1 accuracy":0.184}