{"_timestamp":1.7376204059715462e+09,"_runtime":0.933446712,"_step":0,"_wandb":{"runtime":0},"Top-1 accuracy":38.516,"Top-5 accuracy":63.06}