{"Candidate Preservation":0.999984736328125,"Pairwise Original Top-k Embedding Preservation":0.7630180419921875,"Pairwise Modified Top-k Embedding Preservation":0.7629342919921875,"_runtime":0.596726811,"_timestamp":1.7430536730505514e+09,"Raw vs. Projection Cosine Similarity Variance":0.0053558349609375,"Raw vs. Projection Cosine Similarity":0.338623046875,"Modified Top-1 accuracy":63.297998905181885,"_wandb":{"runtime":0},"Modified Top-5 accuracy":88.81199955940247,"Modified Cosine Similarity":1,"_step":0}