{"_wandb":{"runtime":0},"_step":0,"Top-1 accuracy":59.604,"Top-5 accuracy":87.03,"_timestamp":1.737614967647264e+09,"_runtime":0.584397552}