{"Raw vs. Projection Cosine Similarity":0.5927734375,"Candidate Preservation":0.981393984375,"_wandb":{"runtime":0},"Pairwise Modified Top-k Embedding Preservation":0.6393985595703126,"Modified Top-1 accuracy":62.80999779701233,"_timestamp":1.7430911159572203e+09,"Modified Cosine Similarity":0.9813855229591837,"Raw vs. Projection Cosine Similarity Variance":0.0101776123046875,"Modified Top-5 accuracy":88.81199955940247,"_runtime":0.575179489,"_step":0,"Pairwise Original Top-k Embedding Preservation":0.7630180419921875}