{"Modified Top-5 accuracy":88.80599737167358,"_timestamp":1.7382664566965122e+09,"_runtime":0.724601159,"_step":0,"_wandb":{"runtime":0},"Modified Top-1 accuracy":59.178000688552856}