{"Top-5 accuracy":75.942,"_timestamp":1.7376135907586603e+09,"_wandb":{"runtime":0},"_runtime":0.599762649,"_step":0,"Top-1 accuracy":46.758}