{"_runtime":0.611202504,"Raw vs. Projection Cosine Similarity Variance":0.0058441162109375,"Modified Top-5 accuracy":88.81199955940247,"Pairwise Original Top-k Embedding Preservation":0.7363510791015625,"_wandb":{"runtime":0},"Raw vs. Projection Cosine Similarity":0.365234375,"Candidate Preservation":0.927541630859375,"Pairwise Modified Top-k Embedding Preservation":0.922714853515625,"Modified Cosine Similarity":0.9275151466836735,"Modified Top-1 accuracy":55.0059974193573,"_timestamp":1.7430673344722893e+09,"_step":0}