{"_timestamp":1.7430673329784322e+09,"Modified Top-1 accuracy":58.70000123977661,"Candidate Preservation":0.79633908203125,"Raw vs. Projection Cosine Similarity":0.79638671875,"_runtime":0.464623491,"Modified Top-5 accuracy":88.81199955940247,"Pairwise Modified Top-k Embedding Preservation":0.901068271484375,"_step":0,"Pairwise Original Top-k Embedding Preservation":0.7489925341796875,"_wandb":{"runtime":0},"Raw vs. Projection Cosine Similarity Variance":7.587671279907227e-05,"Modified Cosine Similarity":0.7963427621491102}