{"_timestamp":1.7382665672876823e+09,"_wandb":{"runtime":0},"_runtime":0.82765655,"_step":0,"Modified Top-1 accuracy":62.651997804641724,"Modified Top-5 accuracy":88.80599737167358}