{"_wandb":{"runtime":14},"Modified Top-1 accuracy":63.31799626350403,"Modified Top-5 accuracy":88.80599737167358,"_timestamp":1.7382736083810134e+09,"_runtime":0.560829455,"_step":0}