{"_wandb":{"runtime":0},"Candidate Preservation":0.999987353515625,"Modified Top-1 accuracy":63.308000564575195,"Raw vs. Projection Cosine Similarity":1,"Raw vs. Projection Cosine Similarity Variance":2.384185791015625e-07,"_timestamp":1.7430923273570144e+09,"_step":0,"Modified Cosine Similarity":1,"Modified Top-5 accuracy":88.81199955940247,"_runtime":0.528116523,"Pairwise Modified Top-k Embedding Preservation":0.7629208251953125,"Pairwise Original Top-k Embedding Preservation":0.7630180419921875}