{"_runtime":0.570355604,"Modified Top-1 accuracy":62.03399896621704,"Modified Cosine Similarity":0.9965183296982123,"_step":0,"Modified Top-5 accuracy":88.81199955940247,"_timestamp":1.7430889653417864e+09,"Pairwise Modified Top-k Embedding Preservation":0.750981552734375,"Candidate Preservation":0.9965207421875,"_wandb":{"runtime":0},"Raw vs. Projection Cosine Similarity":0.80078125,"Raw vs. Projection Cosine Similarity Variance":8.922815322875977e-05,"Pairwise Original Top-k Embedding Preservation":0.7363510791015625}