{"Modified Cosine Similarity":0.7963427548505821,"Modified Top-1 accuracy":58.678001165390015,"_wandb":{"runtime":0},"Candidate Preservation":0.79633857421875,"Raw vs. Projection Cosine Similarity Variance":7.587671279907227e-05,"Pairwise Modified Top-k Embedding Preservation":0.901068740234375,"_runtime":0.521361931,"Modified Top-5 accuracy":88.81199955940247,"_step":0,"Raw vs. Projection Cosine Similarity":0.79638671875,"Pairwise Original Top-k Embedding Preservation":0.7489925341796875,"_timestamp":1.7430674307511845e+09}