{"_wandb":{"runtime":1},"_step":0,"Top-1 accuracy":47.754000000000005,"Top-5 accuracy":74.034,"_timestamp":1.7376286406278176e+09,"_runtime":1.920731048}