{"_timestamp":1.737637474314473e+09,"_runtime":0.752606873,"_step":0,"_wandb":{"runtime":0},"Top-1 accuracy":29.165999999999997,"Top-5 accuracy":49.134}