{"Modified Top-1 accuracy":63.31599950790405,"Pairwise Original Top-k Embedding Preservation":0.7630180419921875,"Candidate Preservation":0.999985390625,"Pairwise Modified Top-k Embedding Preservation":0.7629250341796875,"_timestamp":1.7430927156280587e+09,"Raw vs. Projection Cosine Similarity":1,"Raw vs. Projection Cosine Similarity Variance":2.384185791015625e-07,"Modified Cosine Similarity":1,"Modified Top-5 accuracy":88.81199955940247,"_runtime":0.589021729,"_wandb":{"runtime":0},"_step":0}