{"_step":0,"Pairwise Modified Top-k Embedding Preservation":0.824945849609375,"Modified Top-5 accuracy":88.81199955940247,"Pairwise Original Top-k Embedding Preservation":0.7489925341796875,"Candidate Preservation":0.9913228125,"Modified Cosine Similarity":0.9913006218112245,"Modified Top-1 accuracy":56.5019965171814,"_timestamp":1.7430672344080472e+09,"_runtime":0.457240033,"Raw vs. Projection Cosine Similarity":0.33251953125,"_wandb":{"runtime":0},"Raw vs. Projection Cosine Similarity Variance":0.005828857421875}