{"_step":0,"_wandb":{"runtime":1},"Top-1 accuracy":0.264,"Top-5 accuracy":0.9199999999999999,"_timestamp":1.7376402487421322e+09,"_runtime":1.137603872}