{"_runtime":0.612087747,"_step":0,"Top-1 accuracy":0.038,"Top-5 accuracy":0.14400000000000002,"_timestamp":1.7376114428233893e+09,"_wandb":{"runtime":0}}