{"Modified Top-5 accuracy":88.81199955940247,"Modified Top-1 accuracy":63.22599649429321,"_runtime":7.920101317,"Pairwise Original Top-k Embedding Preservation":0.7630180419921875,"Pairwise Modified Top-k Embedding Preservation":0.7080139892578124,"Raw vs. Projection Cosine Similarity Variance":0.00417327880859375,"Raw vs. Projection Cosine Similarity":0.51123046875,"_step":0,"_timestamp":1.7430915357391603e+09,"Candidate Preservation":0.996666396484375,"_wandb":{"runtime":7},"Modified Cosine Similarity":0.9966019610969388}