{"_step":0,"_wandb":{"runtime":1},"Top-1 accuracy":29.618,"Top-5 accuracy":50.492000000000004,"_timestamp":1.7376424204285965e+09,"_runtime":1.027401548}