{"_step":0,"_wandb":{"runtime":0},"Modified Top-1 accuracy":62.87800073623657,"Modified Top-5 accuracy":88.80599737167358,"_timestamp":1.7382673601440163e+09,"_runtime":0.596401146}