{"Candidate Preservation":0.9636321484375,"Pairwise Original Top-k Embedding Preservation":0.7489925341796875,"Modified Cosine Similarity":0.9636579241071429,"_timestamp":1.7430669375679524e+09,"Modified Top-1 accuracy":57.50399827957153,"Raw vs. Projection Cosine Similarity Variance":0.005828857421875,"_runtime":0.647302353,"Modified Top-5 accuracy":88.81199955940247,"Raw vs. Projection Cosine Similarity":0.33251953125,"_wandb":{"runtime":0},"Pairwise Modified Top-k Embedding Preservation":0.5865708984375,"_step":0}