{"Modified Top-5 accuracy":88.80599737167358,"_timestamp":1.7382673706622262e+09,"_runtime":0.815370099,"_step":0,"_wandb":{"runtime":0},"Modified Top-1 accuracy":61.983996629714966}