{"_timestamp":1.7382734335898688e+09,"_runtime":0.66953161,"_step":0,"_wandb":{"runtime":79},"Modified Top-1 accuracy":63.30599784851074,"Modified Top-5 accuracy":88.80599737167358}