{"_wandb":{"runtime":143},"Modified Top-1 accuracy":48.98199737071991,"Modified Top-5 accuracy":88.80599737167358,"Modified Cosine Similarity":0.8369140625,"_timestamp":1.7385318137332697e+09,"_runtime":0.63845542,"_step":0}