{"Pairwise Original Top-k Embedding Preservation":0.7363510791015625,"Raw vs. Projection Cosine Similarity Variance":8.922815322875977e-05,"_runtime":0.653445556,"Modified Cosine Similarity":1.0001106627133427,"_timestamp":1.743090079829964e+09,"Pairwise Modified Top-k Embedding Preservation":0.7363523876953125,"Modified Top-1 accuracy":62.04599738121033,"_wandb":{"runtime":0},"Raw vs. Projection Cosine Similarity":0.80078125,"Modified Top-5 accuracy":88.81199955940247,"_step":0,"Candidate Preservation":1.000106298828125}