{"_step":0,"Modified Cosine Similarity":1,"_runtime":0.567161114,"Raw vs. Projection Cosine Similarity":1,"Pairwise Modified Top-k Embedding Preservation":0.7629103759765625,"Candidate Preservation":0.99999904296875,"_wandb":{"runtime":0},"Modified Top-5 accuracy":88.81199955940247,"Pairwise Original Top-k Embedding Preservation":0.7630180419921875,"Raw vs. Projection Cosine Similarity Variance":2.384185791015625e-07,"_timestamp":1.7430928141863382e+09,"Modified Top-1 accuracy":63.32399845123291}