{"Modified Cosine Similarity":0.8021279646425831,"Modified Top-5 accuracy":88.81199955940247,"Modified Top-1 accuracy":63.25599551200867,"_timestamp":1.743053577408059e+09,"Raw vs. Projection Cosine Similarity Variance":8.809566497802734e-05,"Pairwise Modified Top-k Embedding Preservation":0.907877734375,"_runtime":0.558641218,"_wandb":{"runtime":0},"Candidate Preservation":0.802123349609375,"Pairwise Original Top-k Embedding Preservation":0.7630180419921875,"_step":0,"Raw vs. Projection Cosine Similarity":0.80224609375}