{"_timestamp":1.7382675115192912e+09,"_runtime":1.073333528,"_step":0,"_wandb":{"runtime":1},"Modified Top-1 accuracy":61.757999658584595,"Modified Top-5 accuracy":88.80599737167358}