{"Modified Top-5 accuracy":88.80599737167358,"_timestamp":1.7382665426481638e+09,"_runtime":0.915083611,"_step":0,"_wandb":{"runtime":1},"Modified Top-1 accuracy":57.308000326156616}