{"Pairwise Modified Top-k Embedding Preservation":0.90788142578125,"_runtime":0.558406294,"_step":0,"Modified Cosine Similarity":0.8021279585604765,"Modified Top-5 accuracy":88.81199955940247,"_timestamp":1.7430535729624631e+09,"_wandb":{"runtime":0},"Raw vs. Projection Cosine Similarity Variance":8.809566497802734e-05,"Modified Top-1 accuracy":63.27599883079529,"Candidate Preservation":0.802124072265625,"Pairwise Original Top-k Embedding Preservation":0.7630180419921875,"Raw vs. Projection Cosine Similarity":0.80224609375}