{"_step":0,"Modified Top-1 accuracy":61.92399859428406,"_wandb":{"runtime":0},"Modified Top-5 accuracy":88.80599737167358,"_timestamp":1.738266652457852e+09,"_runtime":0.764009998}