{"Candidate Preservation":0.959306728515625,"Modified Top-1 accuracy":58.74800086021423,"Modified Top-5 accuracy":88.81199955940247,"Modified Cosine Similarity":0.9593111787523542,"Raw vs. Projection Cosine Similarity":0.79638671875,"Raw vs. Projection Cosine Similarity Variance":7.587671279907227e-05,"_timestamp":1.7430899861127353e+09,"Pairwise Modified Top-k Embedding Preservation":0.80538197265625,"_wandb":{"runtime":0},"_step":0,"Pairwise Original Top-k Embedding Preservation":0.7489925341796875,"_runtime":0.61460287}