{"_step":0,"_wandb":{"runtime":0},"Top-1 accuracy":39.716,"Top-5 accuracy":64.752,"_timestamp":1.7376522747696455e+09,"_runtime":0.750186788}