{"_runtime":0.742111363,"_step":0,"Modified Top-1 accuracy":63.30599784851074,"Modified Top-5 accuracy":88.80599737167358,"_wandb":{"runtime":13},"_timestamp":1.7382741928103218e+09}