{"Top-1 accuracy":50.38399999999999,"Top-5 accuracy":78.392,"_timestamp":1.7376495721965287e+09,"_runtime":0.630685875,"_step":0,"_wandb":{"runtime":0}}