{"_timestamp":1.7376548951545274e+09,"_runtime":0.62138386,"_step":0,"Top-1 accuracy":22.552,"_wandb":{"runtime":0},"Top-5 accuracy":43.292}