{"Top-1 accuracy":54.606,"Top-5 accuracy":83.63199999999999,"_timestamp":1.7376310144579234e+09,"_runtime":0.739848434,"_step":0,"_wandb":{"runtime":0}}