{"_step":0,"_wandb":{"runtime":0},"Modified Top-1 accuracy":62.459999322891235,"Modified Top-5 accuracy":88.80599737167358,"_timestamp":1.7382673633204186e+09,"_runtime":0.567017252}