{"_wandb":{"runtime":0},"Candidate Preservation":0.800728349609375,"Modified Cosine Similarity":0.8007324873184671,"Pairwise Original Top-k Embedding Preservation":0.7363510791015625,"_timestamp":1.743067237937359e+09,"_runtime":0.610676699,"Raw vs. Projection Cosine Similarity":0.80078125,"Modified Top-1 accuracy":61.956000328063965,"Modified Top-5 accuracy":88.81199955940247,"_step":0,"Raw vs. Projection Cosine Similarity Variance":8.922815322875977e-05,"Pairwise Modified Top-k Embedding Preservation":0.89706642578125}