{"Modified Top-1 accuracy":63.30599784851074,"Pairwise Modified Top-k Embedding Preservation":0.7629236279296875,"_step":0,"Modified Cosine Similarity":1,"Raw vs. Projection Cosine Similarity":1,"_wandb":{"runtime":0},"Modified Top-5 accuracy":88.81199955940247,"_timestamp":1.7430911194372513e+09,"Raw vs. Projection Cosine Similarity Variance":2.384185791015625e-07,"Candidate Preservation":0.999982890625,"_runtime":0.667326141,"Pairwise Original Top-k Embedding Preservation":0.7630180419921875}