{"_timestamp":1.737606131100206e+09,"_wandb":{"runtime":1},"_runtime":1.063191102,"_step":0,"Top-1 accuracy":7.272,"Top-5 accuracy":17.172}