{"_runtime":0.726756143,"_step":0,"Modified Top-1 accuracy":62.963998317718506,"Modified Top-5 accuracy":88.80599737167358,"_timestamp":1.7382675531673865e+09,"_wandb":{"runtime":0}}