{"Raw vs. Projection Cosine Similarity Variance":2.384185791015625e-07,"Modified Top-5 accuracy":88.81199955940247,"Candidate Preservation":0.99998451171875,"Pairwise Original Top-k Embedding Preservation":0.7630180419921875,"Modified Cosine Similarity":1,"Pairwise Modified Top-k Embedding Preservation":0.7629232666015625,"_timestamp":1.7430911177018054e+09,"_wandb":{"runtime":0},"_step":0,"Modified Top-1 accuracy":63.30199837684631,"_runtime":0.584818398,"Raw vs. Projection Cosine Similarity":1}