{"_runtime":0.685745733,"_wandb":{"runtime":0},"_step":0,"Modified Top-1 accuracy":63.35200071334839,"Modified Top-5 accuracy":88.80599737167358,"_timestamp":1.738267483053342e+09}