{"Top-5 accuracy":64.858,"_timestamp":1.737644687990152e+09,"_runtime":1.028244324,"_step":0,"_wandb":{"runtime":1},"Top-1 accuracy":39.832}