{"_runtime":0.551348565,"_timestamp":1.7430916309218678e+09,"_wandb":{"runtime":0},"Modified Top-5 accuracy":88.81199955940247,"Candidate Preservation":0.999984736328125,"Pairwise Original Top-k Embedding Preservation":0.7630180419921875,"Raw vs. Projection Cosine Similarity":0.982421875,"Raw vs. Projection Cosine Similarity Variance":0.0005650520324707031,"Modified Top-1 accuracy":63.297998905181885,"Modified Cosine Similarity":1,"Pairwise Modified Top-k Embedding Preservation":0.7629342919921875,"_step":0}