{"Top-1 accuracy":63.358000000000004,"Top-5 accuracy":88.804,"_timestamp":1.7376468756564722e+09,"_runtime":0.616265769,"_step":0,"_wandb":{"runtime":0}}