{"_timestamp":1.737640445053216e+09,"_runtime":0.907632908,"_step":0,"_wandb":{"runtime":0},"Top-1 accuracy":0.004,"Top-5 accuracy":0.03}