{"Modified Top-5 accuracy":88.81199955940247,"_runtime":0.784928266,"Modified Top-1 accuracy":60.24199724197388,"Candidate Preservation":0.96262265625,"Pairwise Modified Top-k Embedding Preservation":0.611387958984375,"_timestamp":1.7430669380085227e+09,"Raw vs. Projection Cosine Similarity":0.338623046875,"Raw vs. Projection Cosine Similarity Variance":0.0053558349609375,"_wandb":{"runtime":0},"Modified Cosine Similarity":0.9626215720663265,"_step":0,"Pairwise Original Top-k Embedding Preservation":0.7630180419921875}