{"Raw vs. Projection Cosine Similarity":0.541015625,"_timestamp":1.7430912101792865e+09,"Modified Top-5 accuracy":88.81199955940247,"Candidate Preservation":0.98156669921875,"Pairwise Modified Top-k Embedding Preservation":0.6302511474609375,"Modified Top-1 accuracy":62.65999674797058,"Raw vs. Projection Cosine Similarity Variance":0.0057220458984375,"_wandb":{"runtime":0},"Pairwise Original Top-k Embedding Preservation":0.7630180419921875,"_step":0,"_runtime":0.499372207,"Modified Cosine Similarity":0.9815449617346939}