{"Top-5 accuracy":0,"_timestamp":1.7376406427302058e+09,"_runtime":0.679119332,"_step":0,"_wandb":{"runtime":0},"Top-1 accuracy":0}