{"_step":0,"Top-1 accuracy":49.938,"_wandb":{"runtime":0},"Top-5 accuracy":78.364,"_timestamp":1.7376263506038055e+09,"_runtime":0.620039639}