{"Modified Top-5 accuracy":88.81199955940247,"_wandb":{"runtime":0},"Raw vs. Projection Cosine Similarity Variance":7.587671279907227e-05,"Modified Cosine Similarity":0.9788899494677173,"Pairwise Modified Top-k Embedding Preservation":0.7867016015625,"_timestamp":1.7430899847264922e+09,"_step":0,"Candidate Preservation":0.978889248046875,"Modified Top-1 accuracy":58.73199701309204,"Raw vs. Projection Cosine Similarity":0.79638671875,"Pairwise Original Top-k Embedding Preservation":0.7489925341796875,"_runtime":0.58594673}