{"_runtime":0.647603429,"_step":0,"_wandb":{"runtime":0},"Top-1 accuracy":16.116,"Top-5 accuracy":31.744,"_timestamp":1.7376438624313717e+09}