{"_step":0,"Modified Top-1 accuracy":63.29599618911743,"Modified Top-5 accuracy":88.80599737167358,"Modified Cosine Similarity":1,"_timestamp":1.7385345144431438e+09,"_runtime":1.06783284,"_wandb":{"runtime":145}}