{"_runtime":0.628418748,"_wandb":{"runtime":0},"_step":0,"Top-1 accuracy":0,"Top-5 accuracy":0,"_timestamp":1.7376107385827012e+09}