{"_runtime":0.629992152,"_step":0,"_wandb":{"runtime":0},"Top-1 accuracy":6.2379999999999995,"Top-5 accuracy":15.578,"_timestamp":1.7376084041537442e+09}