{"Top-5 accuracy":0.382,"_timestamp":1.7376370894079046e+09,"_runtime":0.760981452,"_wandb":{"runtime":0},"_step":0,"Top-1 accuracy":0.184}