{"Modified Cosine Similarity":0.9999601403061225,"Raw vs. Projection Cosine Similarity Variance":1.817941665649414e-05,"_step":0,"_runtime":0.553392899,"Raw vs. Projection Cosine Similarity":0.99853515625,"_wandb":{"runtime":0},"Modified Top-5 accuracy":88.81199955940247,"Modified Top-1 accuracy":63.273996114730835,"Pairwise Modified Top-k Embedding Preservation":0.7640897412109375,"Candidate Preservation":0.999961328125,"_timestamp":1.7430913398157396e+09,"Pairwise Original Top-k Embedding Preservation":0.7630180419921875}