{"_runtime":0.76202791,"_wandb":{"runtime":0},"_step":0,"Top-1 accuracy":50.226000000000006,"Top-5 accuracy":79.762,"_timestamp":1.7376348885032773e+09}