{"_wandb":{"runtime":0},"_runtime":0.968185227,"_step":0,"Top-1 accuracy":0,"Top-5 accuracy":0,"_timestamp":1.7376330751390438e+09}