{"Top-5 accuracy":7.969999999999999,"_timestamp":1.737610007740905e+09,"_runtime":0.61308171,"_step":0,"_wandb":{"runtime":0},"Top-1 accuracy":2.806}