{"Modified Top-1 accuracy":63.32199573516846,"Modified Top-5 accuracy":88.80599737167358,"Modified Cosine Similarity":1,"_timestamp":1.7386327863316402e+09,"_runtime":1.57388999,"_wandb":{"runtime":116},"_step":0}