{"Modified Top-1 accuracy":11.83,"Modified Top-5 accuracy":25.45,"_timestamp":1.7380170015659215e+09,"_runtime":0.567935771,"_wandb":{"runtime":0},"_step":0}