{"_wandb":{"runtime":0},"_runtime":0.549819289,"_step":0,"Modified Top-1 accuracy":61.4359974861145,"Modified Top-5 accuracy":88.80599737167358,"_timestamp":1.73826743885032e+09}