{"_step":0,"Top-1 accuracy":21.688,"Top-5 accuracy":39.394,"_timestamp":1.737656344474002e+09,"_wandb":{"runtime":0},"_runtime":0.906809119}