{"_runtime":0.671221949,"_step":0,"_wandb":{"runtime":0},"Top-1 accuracy":19.91,"Top-5 accuracy":37.516,"_timestamp":1.737653877059322e+09}