{"Candidate Preservation":0.999986572265625,"Modified Cosine Similarity":1,"_step":0,"Modified Top-1 accuracy":63.31999897956848,"_wandb":{"runtime":1},"Raw vs. Projection Cosine Similarity Variance":2.384185791015625e-07,"_runtime":1.6060807879999999,"Modified Top-5 accuracy":88.81199955940247,"Pairwise Modified Top-k Embedding Preservation":0.7629129052734375,"Pairwise Original Top-k Embedding Preservation":0.7630180419921875,"Raw vs. Projection Cosine Similarity":1,"_timestamp":1.743092425128116e+09}