{"_timestamp":1.7376534729856908e+09,"_runtime":1.294198015,"_step":0,"_wandb":{"runtime":1},"Top-1 accuracy":38.516,"Top-5 accuracy":63.06}