{"Candidate Preservation":0.990985224609375,"_runtime":0.580063456,"Pairwise Original Top-k Embedding Preservation":0.7630180419921875,"_wandb":{"runtime":0},"_step":0,"Modified Top-1 accuracy":61.500000953674316,"Raw vs. Projection Cosine Similarity Variance":0.0053558349609375,"_timestamp":1.7430536720555074e+09,"Pairwise Modified Top-k Embedding Preservation":0.83459625,"Modified Cosine Similarity":0.9910116390306123,"Raw vs. Projection Cosine Similarity":0.338623046875,"Modified Top-5 accuracy":88.81199955940247}