{"_wandb":{"runtime":0},"Top-1 accuracy":10.744,"Top-5 accuracy":24.994,"_timestamp":1.7376140675093746e+09,"_runtime":0.602529399,"_step":0}