{"_timestamp":1.7376238020975323e+09,"_runtime":0.580592167,"_step":0,"_wandb":{"runtime":0},"Top-1 accuracy":39.418,"Top-5 accuracy":64.642}