{"_runtime":0.729671176,"Pairwise Original Top-k Embedding Preservation":0.7630180419921875,"_timestamp":1.7430535722334688e+09,"Candidate Preservation":0.802123349609375,"Modified Cosine Similarity":0.8021279731575324,"Modified Top-5 accuracy":88.81199955940247,"Raw vs. Projection Cosine Similarity":0.80224609375,"Raw vs. Projection Cosine Similarity Variance":8.809566497802734e-05,"Pairwise Modified Top-k Embedding Preservation":0.907877734375,"_step":0,"Modified Top-1 accuracy":63.25599551200867,"_wandb":{"runtime":0}}