{"_wandb":{"runtime":144},"Modified Top-1 accuracy":63.29599618911743,"Modified Top-5 accuracy":88.80599737167358,"Modified Cosine Similarity":1,"_timestamp":1.738531959593774e+09,"_runtime":0.536623257,"_step":0}