{"_wandb":{"runtime":1},"_runtime":1.016711005,"_step":0,"Top-1 accuracy":1.072,"Top-5 accuracy":3.1780000000000004,"_timestamp":1.737622771860963e+09}