{"_timestamp":1.7376273791126292e+09,"_runtime":0.678248725,"_step":0,"_wandb":{"runtime":0},"Top-1 accuracy":29.914,"Top-5 accuracy":50.868}