{"Raw vs. Projection Cosine Similarity":1,"Modified Top-5 accuracy":88.81199955940247,"_runtime":0.63865704,"_step":0,"_wandb":{"runtime":0},"Candidate Preservation":0.99998453125,"Modified Cosine Similarity":1,"Raw vs. Projection Cosine Similarity Variance":2.384185791015625e-07,"_timestamp":1.7430910177023087e+09,"Pairwise Original Top-k Embedding Preservation":0.7630180419921875,"Pairwise Modified Top-k Embedding Preservation":0.7629315771484375,"Modified Top-1 accuracy":63.29999566078186}