{"Top-1 accuracy":0,"Top-5 accuracy":0.013999999999999999,"_timestamp":1.7376079339263763e+09,"_runtime":0.569344188,"_wandb":{"runtime":0},"_step":0}