{"Top-1 accuracy":44.190000000000005,"Top-5 accuracy":72.38,"_timestamp":1.7376372882827363e+09,"_runtime":0.568912665,"_step":0,"_wandb":{"runtime":0}}