{"_timestamp":1.7376173284484892e+09,"_runtime":1.191989159,"_step":0,"_wandb":{"runtime":1},"Top-1 accuracy":41.126000000000005,"Top-5 accuracy":66.756}