{"Pairwise Original Top-k Embedding Preservation":0.7630180419921875,"Modified Top-1 accuracy":56.48199915885925,"Pairwise Modified Top-k Embedding Preservation":0.932193935546875,"Raw vs. Projection Cosine Similarity":0.338623046875,"_runtime":0.639950509,"Modified Top-5 accuracy":88.81199955940247,"Modified Cosine Similarity":0.9377391581632653,"Raw vs. Projection Cosine Similarity Variance":0.0053558349609375,"_step":0,"_timestamp":1.743053676947994e+09,"_wandb":{"runtime":0},"Candidate Preservation":0.9377553515625}