{"Modified Cosine Similarity":0.9930145886479592,"Pairwise Modified Top-k Embedding Preservation":0.6771575439453125,"_timestamp":1.7430670445059226e+09,"_wandb":{"runtime":0},"Candidate Preservation":0.993022705078125,"Modified Top-5 accuracy":88.81199955940247,"Raw vs. Projection Cosine Similarity":0.33251953125,"Modified Top-1 accuracy":59.049999713897705,"_step":0,"_runtime":0.637879317,"Raw vs. Projection Cosine Similarity Variance":0.005828857421875,"Pairwise Original Top-k Embedding Preservation":0.7489925341796875}