{"_step":0,"Modified Top-1 accuracy":62.988001108169556,"Modified Top-5 accuracy":88.80599737167358,"_timestamp":1.7382674150810935e+09,"_wandb":{"runtime":0},"_runtime":0.657221526}