{"_step":0,"_wandb":{"runtime":0},"Top-1 accuracy":7.394,"Top-5 accuracy":15.998000000000001,"_timestamp":1.737644072447805e+09,"_runtime":0.686844378}