{"_timestamp":1.737614289570741e+09,"_runtime":0.690520926,"_step":0,"_wandb":{"runtime":0},"Top-1 accuracy":63.358000000000004,"Top-5 accuracy":88.804}