{"_runtime":1.17249161,"_step":0,"_wandb":{"runtime":1},"Top-1 accuracy":50.522,"Top-5 accuracy":77.498,"_timestamp":1.7376559205309684e+09}