{"Modified Top-5 accuracy":88.81199955940247,"_wandb":{"runtime":0},"Raw vs. Projection Cosine Similarity Variance":8.922815322875977e-05,"Candidate Preservation":0.94284580078125,"Modified Top-1 accuracy":62.011998891830444,"Raw vs. Projection Cosine Similarity":0.80078125,"Modified Cosine Similarity":0.9428354234111552,"_runtime":0.529131143,"_step":0,"Pairwise Original Top-k Embedding Preservation":0.7363510791015625,"Pairwise Modified Top-k Embedding Preservation":0.811734609375,"_timestamp":1.743089886703566e+09}