{"_wandb":{"runtime":1},"Top-1 accuracy":58.666,"Top-5 accuracy":86.4,"_timestamp":1.737624552506427e+09,"_runtime":1.2564349670000001,"_step":0}