{"_runtime":0.585215084,"_step":0,"_wandb":{"runtime":0},"Top-1 accuracy":43.878,"Top-5 accuracy":70.438,"_timestamp":1.737611674167723e+09}