{"_runtime":0.639922844,"_wandb":{"runtime":0},"Modified Top-5 accuracy":88.81199955940247,"_timestamp":1.7430669377573168e+09,"Candidate Preservation":0.8021266015625,"Pairwise Modified Top-k Embedding Preservation":0.907880390625,"Raw vs. Projection Cosine Similarity":0.80224609375,"_step":0,"Modified Top-1 accuracy":63.2860004901886,"Pairwise Original Top-k Embedding Preservation":0.7630180419921875,"Modified Cosine Similarity":0.8021279658590045,"Raw vs. Projection Cosine Similarity Variance":8.809566497802734e-05}