{"Raw vs. Projection Cosine Similarity Variance":2.384185791015625e-07,"Modified Cosine Similarity":1,"Raw vs. Projection Cosine Similarity":1,"_wandb":{"runtime":0},"Pairwise Original Top-k Embedding Preservation":0.7630180419921875,"Candidate Preservation":0.999985048828125,"Modified Top-1 accuracy":63.3139967918396,"Modified Top-5 accuracy":88.81199955940247,"_step":0,"_runtime":0.50249775,"Pairwise Modified Top-k Embedding Preservation":0.7629224267578125,"_timestamp":1.7430929148952715e+09}