{"Top-1 accuracy":29.642000000000003,"Top-5 accuracy":50.498,"_timestamp":1.737633879304657e+09,"_runtime":0.784639288,"_wandb":{"runtime":0},"_step":0}