{"Top-5 accuracy":65.402,"_timestamp":1.737625887790014e+09,"_runtime":0.612445966,"_step":0,"_wandb":{"runtime":0},"Top-1 accuracy":39.885999999999996}