{"Modified Top-5 accuracy":88.80599737167358,"_timestamp":1.7382674047678905e+09,"_runtime":0.584764389,"_step":0,"_wandb":{"runtime":0},"Modified Top-1 accuracy":61.4300012588501}