{"Modified Top-5 accuracy":88.80599737167358,"_timestamp":1.7382664802555704e+09,"_wandb":{"runtime":0},"_runtime":0.905625556,"_step":0,"Modified Top-1 accuracy":30.09600043296814}