{"_wandb":{"runtime":0},"_timestamp":1.738267469715594e+09,"_runtime":0.527462578,"_step":0,"Modified Top-1 accuracy":63.071995973587036,"Modified Top-5 accuracy":88.80599737167358}