{"Pairwise Original Top-k Embedding Preservation":0.7630180419921875,"Pairwise Modified Top-k Embedding Preservation":0.90788142578125,"Raw vs. Projection Cosine Similarity":0.80224609375,"Modified Top-1 accuracy":63.27599883079529,"_wandb":{"runtime":0},"Modified Cosine Similarity":0.8021279634261618,"Raw vs. Projection Cosine Similarity Variance":8.809566497802734e-05,"_runtime":0.569092358,"_step":0,"Modified Top-5 accuracy":88.81199955940247,"_timestamp":1.7430672379813063e+09,"Candidate Preservation":0.802124091796875}