{"_wandb":{"runtime":145},"_runtime":0.585939091,"_step":0,"Modified Top-1 accuracy":63.29599618911743,"Modified Top-5 accuracy":88.80599737167358,"Modified Cosine Similarity":1,"_timestamp":1.7385326917820532e+09}