{"_timestamp":1.7382665604609065e+09,"_runtime":0.776256565,"_step":0,"_wandb":{"runtime":0},"Modified Top-1 accuracy":60.83199977874756,"Modified Top-5 accuracy":88.80599737167358}