{"_runtime":0.618593194,"_step":0,"Top-1 accuracy":3.496,"_wandb":{"runtime":0},"Top-5 accuracy":8.154,"_timestamp":1.7376077086041925e+09}