{"_wandb":{"runtime":0},"Top-1 accuracy":29.908,"Top-5 accuracy":50.854,"_timestamp":1.7376436553451602e+09,"_runtime":0.930588183,"_step":0}