{"_step":0,"Top-1 accuracy":14.23,"Top-5 accuracy":30.470000000000002,"_timestamp":1.737608281416411e+09,"_runtime":0.619459788,"_wandb":{"runtime":0}}