{"_step":0,"_timestamp":1.7430915320378962e+09,"Modified Top-5 accuracy":88.81199955940247,"Pairwise Original Top-k Embedding Preservation":0.7630180419921875,"Raw vs. Projection Cosine Similarity":0.568359375,"Modified Top-1 accuracy":63.38199973106384,"_wandb":{"runtime":0},"Raw vs. Projection Cosine Similarity Variance":0.007213592529296875,"Candidate Preservation":0.996383193359375,"_runtime":0.613174587,"Pairwise Modified Top-k Embedding Preservation":0.706535478515625,"Modified Cosine Similarity":0.9963827327806123}