{"_timestamp":1.737659593822829e+09,"_runtime":0.613593466,"_step":0,"Top-1 accuracy":45.69,"Top-5 accuracy":72.976,"_wandb":{"runtime":0}}