{"Top-1 accuracy":47.436,"Top-5 accuracy":74.87,"_timestamp":1.73762577567967e+09,"_runtime":0.609566405,"_step":0,"_wandb":{"runtime":0}}