{"_step":0,"Top-1 accuracy":56.586000000000006,"Top-5 accuracy":83.066,"_timestamp":1.7376544968359482e+09,"_runtime":0.792558916,"_wandb":{"runtime":0}}