{"Top-5 accuracy":82.62,"_timestamp":1.7376297642892528e+09,"_runtime":0.595067204,"_step":0,"Top-1 accuracy":54.384,"_wandb":{"runtime":0}}