{"Top-5 accuracy":1.94,"_timestamp":1.7376147398368347e+09,"_runtime":0.593353827,"_step":0,"_wandb":{"runtime":0},"Top-1 accuracy":0.632}