{"_step":0,"_wandb":{"runtime":0},"Modified Top-1 accuracy":62.32399940490723,"Modified Top-5 accuracy":88.80599737167358,"_timestamp":1.7382674420765483e+09,"_runtime":0.551936128}