{"_step":0,"Top-1 accuracy":7.272,"Top-5 accuracy":17.172,"_timestamp":1.7376326496899397e+09,"_wandb":{"runtime":0},"_runtime":0.802791909}