{"_timestamp":1.7379319463184266e+09,"_wandb":{"runtime":0},"_runtime":0.683000023,"_step":0,"Modified Top-1 accuracy":63.364,"Modified Top-5 accuracy":88.806}