{"_timestamp":1.7376078193225698e+09,"_runtime":0.557842468,"_step":0,"Top-1 accuracy":0.252,"_wandb":{"runtime":0},"Top-5 accuracy":0.53}