{"_step":0,"Modified Top-1 accuracy":62.78799772262573,"_wandb":{"runtime":0},"Modified Top-5 accuracy":88.80599737167358,"_timestamp":1.7382666350016115e+09,"_runtime":0.843726381}