{"_timestamp":1.7382674897411335e+09,"_runtime":0.652617764,"_step":0,"_wandb":{"runtime":0},"Modified Top-1 accuracy":61.42599582672119,"Modified Top-5 accuracy":88.80599737167358}