{"_runtime":0.730662808,"_step":0,"_wandb":{"runtime":83},"Modified Top-1 accuracy":63.287997245788574,"Modified Top-5 accuracy":88.80599737167358,"_timestamp":1.7382739149223645e+09}