{"_timestamp":1.7382737211859002e+09,"_runtime":0.624957745,"_step":0,"_wandb":{"runtime":75},"Modified Top-1 accuracy":63.30599784851074,"Modified Top-5 accuracy":88.80599737167358}