{"Modified Top-5 accuracy":88.81199955940247,"Modified Cosine Similarity":0.8021279634261618,"Pairwise Modified Top-k Embedding Preservation":0.90788142578125,"_runtime":0.535324499,"_timestamp":1.7430535715687182e+09,"Pairwise Original Top-k Embedding Preservation":0.7630180419921875,"Raw vs. Projection Cosine Similarity":0.80224609375,"_wandb":{"runtime":0},"_step":0,"Candidate Preservation":0.802124091796875,"Modified Top-1 accuracy":63.27599883079529,"Raw vs. Projection Cosine Similarity Variance":8.809566497802734e-05}