{"Candidate Preservation":0.802123349609375,"_runtime":0.643941778,"Modified Top-1 accuracy":63.25599551200867,"Pairwise Modified Top-k Embedding Preservation":0.907877734375,"Raw vs. Projection Cosine Similarity":0.80224609375,"_step":0,"Pairwise Original Top-k Embedding Preservation":0.7630180419921875,"Modified Cosine Similarity":0.8021279731575324,"Modified Top-5 accuracy":88.81199955940247,"Raw vs. Projection Cosine Similarity Variance":8.809566497802734e-05,"_wandb":{"runtime":0},"_timestamp":1.74306714397215e+09}