{"_wandb":{"runtime":0},"_step":0,"Top-1 accuracy":16.753999999999998,"Top-5 accuracy":31.892,"_timestamp":1.7376178288935235e+09,"_runtime":0.749920895}