{"_timestamp":1.7376252053764622e+09,"_runtime":0.629546111,"_step":0,"_wandb":{"runtime":0},"Top-1 accuracy":40.408,"Top-5 accuracy":65.948}