{"_runtime":0.874710495,"_wandb":{"runtime":0},"_step":0,"Top-1 accuracy":7.204000000000001,"Top-5 accuracy":15.372,"_timestamp":1.7376489323499255e+09}