{"Modified Top-1 accuracy":63.277995586395264,"Modified Top-5 accuracy":88.80599737167358,"_wandb":{"runtime":18},"_timestamp":1.7382747552828493e+09,"_runtime":0.737071898,"_step":0}