{"Raw vs. Projection Cosine Similarity Variance":8.809566497802734e-05,"_runtime":0.632152567,"Modified Top-1 accuracy":63.27599883079529,"Modified Top-5 accuracy":88.81199955940247,"Modified Cosine Similarity":0.9224152565002441,"Raw vs. Projection Cosine Similarity":0.80224609375,"Pairwise Original Top-k Embedding Preservation":0.7630180419921875,"Candidate Preservation":0.922410458984375,"Pairwise Modified Top-k Embedding Preservation":0.84569759765625,"_timestamp":1.7430898890725746e+09,"_wandb":{"runtime":0},"_step":0}