{"Top-1 accuracy":48.044,"Top-5 accuracy":75.96000000000001,"_timestamp":1.7376170896653872e+09,"_runtime":1.037557414,"_wandb":{"runtime":1},"_step":0}