{"Modified Top-5 accuracy":88.81199955940247,"Pairwise Modified Top-k Embedding Preservation":0.771093623046875,"Raw vs. Projection Cosine Similarity Variance":8.922815322875977e-05,"Modified Top-1 accuracy":62.02399730682373,"_step":0,"_runtime":0.563461198,"Modified Cosine Similarity":0.9840270122703241,"Pairwise Original Top-k Embedding Preservation":0.7363510791015625,"Candidate Preservation":0.984024638671875,"_wandb":{"runtime":0},"Raw vs. Projection Cosine Similarity":0.80078125,"_timestamp":1.743088965387683e+09}