{"Top-1 accuracy":18.62,"_wandb":{"runtime":0},"Top-5 accuracy":36.346000000000004,"_timestamp":1.7376139459683216e+09,"_runtime":0.554032781,"_step":0}