{"_wandb":{"runtime":0},"Modified Top-1 accuracy":60.48799753189087,"Modified Top-5 accuracy":88.80599737167358,"_timestamp":1.738266434852551e+09,"_runtime":0.799264151,"_step":0}