{"Modified Cosine Similarity":1,"_timestamp":1.7385329859095702e+09,"_runtime":0.623576381,"_step":0,"_wandb":{"runtime":143},"Modified Top-1 accuracy":63.29599618911743,"Modified Top-5 accuracy":88.80599737167358}