{"_runtime":0.551899398,"Modified Cosine Similarity":0.8007324885348884,"_step":0,"Modified Top-5 accuracy":88.81199955940247,"Pairwise Modified Top-k Embedding Preservation":0.897068427734375,"Raw vs. Projection Cosine Similarity":0.80078125,"_timestamp":1.7430670407200708e+09,"Raw vs. Projection Cosine Similarity Variance":8.922815322875977e-05,"Candidate Preservation":0.800729462890625,"_wandb":{"runtime":0},"Pairwise Original Top-k Embedding Preservation":0.7363510791015625,"Modified Top-1 accuracy":61.91399693489075}