{"_step":0,"_wandb":{"runtime":0},"Top-1 accuracy":29.918,"Top-5 accuracy":50.861999999999995,"_timestamp":1.7376524660553007e+09,"_runtime":0.852995658}