{"_runtime":0.550429241,"_step":0,"Top-1 accuracy":50.956,"Top-5 accuracy":79.672,"_timestamp":1.7376311263715339e+09,"_wandb":{"runtime":0}}