{"_runtime":0.622335921,"_step":0,"_wandb":{"runtime":0},"Top-1 accuracy":43.878,"Top-5 accuracy":70.438,"_timestamp":1.7376313559869118e+09}