{"Raw vs. Projection Cosine Similarity":1,"Modified Cosine Similarity":1,"Pairwise Modified Top-k Embedding Preservation":0.7629342919921875,"Modified Top-5 accuracy":88.81199955940247,"_timestamp":1.7430919318014414e+09,"Raw vs. Projection Cosine Similarity Variance":2.384185791015625e-07,"_wandb":{"runtime":0},"Pairwise Original Top-k Embedding Preservation":0.7630180419921875,"_runtime":0.987904974,"Modified Top-1 accuracy":63.297998905181885,"_step":0,"Candidate Preservation":0.999984736328125}