{"_timestamp":1.7382674527207954e+09,"_runtime":0.838338197,"_step":0,"Modified Top-1 accuracy":63.20199966430664,"_wandb":{"runtime":0},"Modified Top-5 accuracy":88.80599737167358}