{"_timestamp":1.7382744772127545e+09,"_runtime":0.749072913,"_wandb":{"runtime":71},"_step":0,"Modified Top-1 accuracy":63.30599784851074,"Modified Top-5 accuracy":88.80599737167358}