{"_step":0,"Raw vs. Projection Cosine Similarity":0.51123046875,"Modified Top-1 accuracy":62.43199706077576,"Candidate Preservation":0.99583134765625,"_timestamp":1.7430922298597653e+09,"Raw vs. Projection Cosine Similarity Variance":0.00417327880859375,"Pairwise Modified Top-k Embedding Preservation":0.818842890625,"Modified Top-5 accuracy":88.81199955940247,"_wandb":{"runtime":0},"_runtime":0.692506001,"Modified Cosine Similarity":0.9958545918367347,"Pairwise Original Top-k Embedding Preservation":0.7630180419921875}