{"Modified Top-5 accuracy":29.608,"_timestamp":1.7380169806221933e+09,"_wandb":{"runtime":0},"_runtime":0.509039803,"_step":0,"Modified Top-1 accuracy":14.19}