{"_timestamp":1.7376591985319583e+09,"_runtime":0.606908388,"_step":0,"_wandb":{"runtime":0},"Top-1 accuracy":54.596000000000004,"Top-5 accuracy":83.622}