{"Raw vs. Projection Cosine Similarity":0.5556640625,"_step":0,"Modified Top-1 accuracy":63.343995809555054,"_wandb":{"runtime":0},"_runtime":0.53496247,"_timestamp":1.7430915315449257e+09,"Modified Cosine Similarity":0.9963926977040817,"Raw vs. Projection Cosine Similarity Variance":0.006072998046875,"Pairwise Modified Top-k Embedding Preservation":0.7055609619140625,"Pairwise Original Top-k Embedding Preservation":0.7630180419921875,"Candidate Preservation":0.996411298828125,"Modified Top-5 accuracy":88.81199955940247}