{"_step":0,"Raw vs. Projection Cosine Similarity":0.80078125,"_runtime":0.538956579,"Modified Top-1 accuracy":62.0419979095459,"Modified Top-5 accuracy":88.81199955940247,"Modified Cosine Similarity":1.0001106602805,"Raw vs. Projection Cosine Similarity Variance":8.922815322875977e-05,"_wandb":{"runtime":0},"Pairwise Original Top-k Embedding Preservation":0.7363510791015625,"Candidate Preservation":1.0001048046875,"_timestamp":1.7430890637122064e+09,"Pairwise Modified Top-k Embedding Preservation":0.7363517138671875}