{"_wandb":{"runtime":0},"Raw vs. Projection Cosine Similarity":0.79638671875,"Candidate Preservation":0.79633908203125,"Modified Top-5 accuracy":88.81199955940247,"Pairwise Modified Top-k Embedding Preservation":0.901068271484375,"Raw vs. Projection Cosine Similarity Variance":7.587671279907227e-05,"Pairwise Original Top-k Embedding Preservation":0.7489925341796875,"_runtime":0.555976467,"Modified Top-1 accuracy":58.70000123977661,"_step":0,"_timestamp":1.7430671441237476e+09,"Modified Cosine Similarity":0.7963427645819527}