{"_wandb":{"runtime":1},"Modified Top-1 accuracy":59.88199710845947,"Modified Top-5 accuracy":88.80599737167358,"_timestamp":1.738266546284883e+09,"_runtime":0.9304105,"_step":0}