{"_step":0,"_timestamp":1.7430673316365032e+09,"Pairwise Original Top-k Embedding Preservation":0.7630180419921875,"_runtime":0.527323795,"Modified Cosine Similarity":0.9377391581632653,"Pairwise Modified Top-k Embedding Preservation":0.932193935546875,"Modified Top-5 accuracy":88.81199955940247,"Raw vs. Projection Cosine Similarity":0.338623046875,"Candidate Preservation":0.9377553515625,"Modified Top-1 accuracy":56.48199915885925,"_wandb":{"runtime":0},"Raw vs. Projection Cosine Similarity Variance":0.0053558349609375}