{"Top-5 accuracy":50.538000000000004,"_timestamp":1.7376448749514296e+09,"_wandb":{"runtime":0},"_runtime":0.711050882,"_step":0,"Top-1 accuracy":29.822}