{"_timestamp":1.7382665386614966e+09,"_runtime":0.65355912,"_step":0,"_wandb":{"runtime":0},"Modified Top-1 accuracy":45.21999955177307,"Modified Top-5 accuracy":88.80599737167358}