{"_wandb":{"runtime":1},"Modified Top-1 accuracy":38.718000054359436,"Modified Top-5 accuracy":88.80599737167358,"_timestamp":1.7382664763031025e+09,"_runtime":0.916692044,"_step":0}