{"Pairwise Original Top-k Embedding Preservation":0.7630180419921875,"Modified Top-5 accuracy":88.81199955940247,"_runtime":0.534071752,"Raw vs. Projection Cosine Similarity":0.80224609375,"Pairwise Modified Top-k Embedding Preservation":0.907877734375,"_timestamp":1.743067331084102e+09,"_wandb":{"runtime":0},"_step":0,"Raw vs. Projection Cosine Similarity Variance":8.809566497802734e-05,"Modified Top-1 accuracy":63.25599551200867,"Modified Cosine Similarity":0.8021279646425831,"Candidate Preservation":0.802123349609375}