{"Modified Top-5 accuracy":88.80599737167358,"_timestamp":1.7382675041685922e+09,"_runtime":0.895950057,"_step":0,"_wandb":{"runtime":1},"Modified Top-1 accuracy":63.19999694824219}