{"Modified Top-5 accuracy":88.80599737167358,"_timestamp":1.7382665353086286e+09,"_wandb":{"runtime":0},"_runtime":0.63470249,"_step":0,"Modified Top-1 accuracy":35.519999265670776}