{"_wandb":{"runtime":0},"_timestamp":1.7376214567702956e+09,"_runtime":0.841843312,"_step":0,"Top-1 accuracy":63.364,"Top-5 accuracy":88.812}