{"Top-5 accuracy":63.854,"_timestamp":1.7376398751934521e+09,"_runtime":0.819785268,"_step":0,"_wandb":{"runtime":0},"Top-1 accuracy":38.234}