{"Top-5 accuracy":84.86399999999999,"_timestamp":1.7376277249741087e+09,"_runtime":1.274433594,"_wandb":{"runtime":1},"_step":0,"Top-1 accuracy":58.52}