{"_wandb":{"runtime":0},"Top-1 accuracy":51.18000000000001,"Top-5 accuracy":79.03,"_timestamp":1.7376298777162404e+09,"_runtime":0.633260132,"_step":0}