{"Modified Top-5 accuracy":88.812,"_wandb":{"runtime":0},"_timestamp":1.7380045453255308e+09,"_runtime":0.718385435,"_step":0,"Modified Top-1 accuracy":63.358000000000004}