{"_wandb":{"runtime":0},"Top-1 accuracy":48.044,"Top-5 accuracy":75.96000000000001,"_timestamp":1.7376508466829371e+09,"_runtime":0.699758642,"_step":0}