{"_wandb":{"runtime":1},"_step":0,"Top-1 accuracy":47.342,"Top-5 accuracy":74.10799999999999,"_timestamp":1.7376293166849084e+09,"_runtime":1.091398221}