{"Top-5 accuracy":17.172,"_timestamp":1.737614628065619e+09,"_runtime":0.72946679,"_step":0,"Top-1 accuracy":7.272,"_wandb":{"runtime":0}}