{"Modified Top-1 accuracy":63.297998905181885,"Raw vs. Projection Cosine Similarity Variance":2.384185791015625e-07,"_timestamp":1.7430914345631192e+09,"Pairwise Original Top-k Embedding Preservation":0.7630180419921875,"Raw vs. Projection Cosine Similarity":1,"Modified Top-5 accuracy":88.81199955940247,"Modified Cosine Similarity":1,"Candidate Preservation":0.9999837109375,"_runtime":0.575405657,"_step":0,"_wandb":{"runtime":0},"Pairwise Modified Top-k Embedding Preservation":0.7629262841796876}