{"_runtime":0.796769801,"_wandb":{"runtime":0},"_step":0,"Top-1 accuracy":57.077999999999996,"Top-5 accuracy":85.46000000000001,"_timestamp":1.737649359526393e+09}