{"Top-5 accuracy":71.408,"_timestamp":1.7376219834603312e+09,"_runtime":1.177182641,"_step":0,"_wandb":{"runtime":1},"Top-1 accuracy":45.284}