{"Modified Top-1 accuracy":63.31999897956848,"_wandb":{"runtime":18},"Modified Top-5 accuracy":88.80599737167358,"_timestamp":1.7382740003999941e+09,"_runtime":0.875142938,"_step":0}