{"Candidate Preservation":0.999985478515625,"Modified Top-5 accuracy":88.81199955940247,"Modified Cosine Similarity":1,"Raw vs. Projection Cosine Similarity Variance":2.384185791015625e-07,"_wandb":{"runtime":0},"_runtime":0.565718971,"Modified Top-1 accuracy":63.30199837684631,"Raw vs. Projection Cosine Similarity":1,"Pairwise Original Top-k Embedding Preservation":0.7630180419921875,"Pairwise Modified Top-k Embedding Preservation":0.7629195947265625,"_timestamp":1.7430926246380403e+09,"_step":0}