{"_wandb":{"runtime":0},"Top-5 accuracy":68.538,"_timestamp":1.7376497723891242e+09,"_runtime":0.638601788,"_step":0,"Top-1 accuracy":42.431999999999995}