{"_runtime":0.809369583,"_step":0,"_wandb":{"runtime":0},"Modified Top-1 accuracy":51.46999955177307,"Modified Top-5 accuracy":88.80599737167358,"_timestamp":1.738267381117991e+09}