{"Pairwise Modified Top-k Embedding Preservation":0.7770126953125,"Modified Top-5 accuracy":88.81199955940247,"Pairwise Original Top-k Embedding Preservation":0.7363510791015625,"_runtime":0.538121611,"Modified Top-1 accuracy":62.026000022888184,"Raw vs. Projection Cosine Similarity":0.80078125,"_wandb":{"runtime":0},"Modified Cosine Similarity":0.979199329201056,"_timestamp":1.7430899853439498e+09,"_step":0,"Raw vs. Projection Cosine Similarity Variance":8.922815322875977e-05,"Candidate Preservation":0.97919517578125}