{"Raw vs. Projection Cosine Similarity Variance":2.384185791015625e-07,"_wandb":{"runtime":0},"Modified Top-5 accuracy":88.81199955940247,"Candidate Preservation":0.999986640625,"_timestamp":1.7430914327318153e+09,"Modified Top-1 accuracy":63.293999433517456,"_step":0,"Modified Cosine Similarity":1,"Pairwise Modified Top-k Embedding Preservation":0.7629207373046875,"_runtime":0.576339244,"Raw vs. Projection Cosine Similarity":1,"Pairwise Original Top-k Embedding Preservation":0.7630180419921875}