{"_runtime":0.632244373,"_step":0,"Modified Top-1 accuracy":0.052,"Modified Top-5 accuracy":0.188,"_wandb":{"runtime":0},"_timestamp":1.7380162755534248e+09}