{"Modified Top-1 accuracy":63.29599618911743,"Modified Top-5 accuracy":88.80599737167358,"_wandb":{"runtime":0},"Modified Cosine Similarity":1.0000199570631825,"_timestamp":1.7387161702768385e+09,"_runtime":0.569380941,"_step":0}