{"Top-1 accuracy":54.58,"Top-5 accuracy":83.64,"_timestamp":1.737633669505045e+09,"_runtime":0.553373215,"_step":0,"_wandb":{"runtime":0}}