{"_timestamp":1.7382674355759828e+09,"_wandb":{"runtime":0},"_runtime":0.802037038,"_step":0,"Modified Top-1 accuracy":63.20599913597107,"Modified Top-5 accuracy":88.80599737167358}