{"_step":0,"Candidate Preservation":0.974804951171875,"Modified Top-5 accuracy":88.81199955940247,"Pairwise Modified Top-k Embedding Preservation":0.764055751953125,"Raw vs. Projection Cosine Similarity":0.9658203125,"Pairwise Original Top-k Embedding Preservation":0.7630180419921875,"_runtime":0.565968966,"_wandb":{"runtime":0},"_timestamp":1.7430923281549094e+09,"Modified Cosine Similarity":0.9748186383928571,"Raw vs. Projection Cosine Similarity Variance":0.0012454986572265625,"Modified Top-1 accuracy":58.95599722862244}