{"Top-1 accuracy":38.234,"Top-5 accuracy":63.854,"_timestamp":1.737610254301652e+09,"_runtime":0.557478878,"_step":0,"_wandb":{"runtime":0}}