{"Top-5 accuracy":31.732,"_timestamp":1.7376589933631778e+09,"_runtime":0.558374431,"_step":0,"_wandb":{"runtime":0},"Top-1 accuracy":16.919999999999998}