{"Top-5 accuracy":50.498,"_timestamp":1.7376175834383874e+09,"_runtime":0.925044099,"_step":0,"Top-1 accuracy":29.642000000000003,"_wandb":{"runtime":0}}