{"Top-5 accuracy":73.55000000000001,"_wandb":{"runtime":1},"_timestamp":1.737652076832097e+09,"_runtime":1.244682187,"_step":0,"Top-1 accuracy":46.006}