{"Pairwise Modified Top-k Embedding Preservation":0.765032353515625,"_runtime":0.561408569,"Candidate Preservation":0.999823310546875,"Modified Top-5 accuracy":88.81199955940247,"_timestamp":1.743091021178189e+09,"Raw vs. Projection Cosine Similarity Variance":1.817941665649414e-05,"Modified Cosine Similarity":0.9998405612244898,"_step":0,"_wandb":{"runtime":0},"Pairwise Original Top-k Embedding Preservation":0.7630180419921875,"Modified Top-1 accuracy":63.22599649429321,"Raw vs. Projection Cosine Similarity":0.99853515625}