{"_timestamp":1.743053669732897e+09,"_runtime":0.623429982,"_wandb":{"runtime":0},"Modified Top-5 accuracy":88.81199955940247,"Raw vs. Projection Cosine Similarity Variance":0.0053558349609375,"Pairwise Original Top-k Embedding Preservation":0.7630180419921875,"Modified Top-1 accuracy":53.28199863433838,"Modified Cosine Similarity":0.8398038903061225,"Candidate Preservation":0.839834794921875,"Pairwise Modified Top-k Embedding Preservation":0.98990548828125,"_step":0,"Raw vs. Projection Cosine Similarity":0.338623046875}