{"Modified Top-1 accuracy":62.338000535964966,"_timestamp":1.7430921274364192e+09,"Modified Top-5 accuracy":88.81199955940247,"Raw vs. Projection Cosine Similarity":0.568359375,"_wandb":{"runtime":0},"Pairwise Modified Top-k Embedding Preservation":0.8233925390625,"Raw vs. Projection Cosine Similarity Variance":0.007213592529296875,"Candidate Preservation":0.995232509765625,"_runtime":0.671939226,"Pairwise Original Top-k Embedding Preservation":0.7630180419921875,"_step":0,"Modified Cosine Similarity":0.9952068718112245}