{"_step":0,"_wandb":{"runtime":0},"Modified Top-1 accuracy":54.77200150489807,"Modified Top-5 accuracy":88.80599737167358,"_timestamp":1.7382664881157007e+09,"_runtime":0.841049098}