{"_step":0,"_wandb":{"runtime":0},"Modified Top-1 accuracy":62.68399953842163,"Modified Top-5 accuracy":88.80599737167358,"_timestamp":1.7382674966237211e+09,"_runtime":0.716016762}