{"Modified Top-1 accuracy":63.30599784851074,"Pairwise Original Top-k Embedding Preservation":0.7630180419921875,"_timestamp":1.7430921312645547e+09,"_wandb":{"runtime":0},"_step":0,"Candidate Preservation":0.999982578125,"Pairwise Modified Top-k Embedding Preservation":0.7629177490234375,"_runtime":0.577966785,"Raw vs. Projection Cosine Similarity":1,"Raw vs. Projection Cosine Similarity Variance":2.384185791015625e-07,"Modified Cosine Similarity":1,"Modified Top-5 accuracy":88.81199955940247}