{"_wandb":{"runtime":0},"Modified Top-5 accuracy":88.81199955940247,"_timestamp":1.7430672354243045e+09,"_runtime":0.638665888,"Pairwise Modified Top-k Embedding Preservation":0.813335576171875,"Pairwise Original Top-k Embedding Preservation":0.7363510791015625,"Raw vs. Projection Cosine Similarity Variance":0.0058441162109375,"_step":0,"Modified Top-1 accuracy":60.49599647521973,"Raw vs. Projection Cosine Similarity":0.365234375,"Candidate Preservation":0.98971482421875,"Modified Cosine Similarity":0.9897361288265306}