{"_wandb":{"runtime":0},"Modified Top-1 accuracy":51.076000928878784,"Modified Top-5 accuracy":88.80599737167358,"_timestamp":1.7382665930778117e+09,"_runtime":0.687737075,"_step":0}