{"Modified Top-5 accuracy":88.80599737167358,"_wandb":{"runtime":0},"_timestamp":1.7382673535653427e+09,"_runtime":0.595172953,"_step":0,"Modified Top-1 accuracy":62.66399621963501}