{"_step":0,"_wandb":{"runtime":0},"Modified Top-1 accuracy":61.75999641418457,"Modified Top-5 accuracy":88.80599737167358,"_timestamp":1.7382675460722888e+09,"_runtime":0.650277666}