{"Modified Top-1 accuracy":63.30599784851074,"Modified Top-5 accuracy":88.80599737167358,"_wandb":{"runtime":81},"_timestamp":1.738273328748966e+09,"_runtime":0.716884642,"_step":0}