{"_wandb":{"runtime":0},"Top-1 accuracy":4.016,"Top-5 accuracy":10.793999999999999,"_timestamp":1.7376380781912997e+09,"_runtime":0.653469322,"_step":0}