{"_timestamp":1.7430670451843905e+09,"Pairwise Modified Top-k Embedding Preservation":0.907882900390625,"Modified Cosine Similarity":0.8021279658590045,"_step":0,"Candidate Preservation":0.80212591796875,"_runtime":0.533025896,"_wandb":{"runtime":0},"Pairwise Original Top-k Embedding Preservation":0.7630180419921875,"Modified Top-1 accuracy":63.26599717140198,"Raw vs. Projection Cosine Similarity Variance":8.809566497802734e-05,"Raw vs. Projection Cosine Similarity":0.80224609375,"Modified Top-5 accuracy":88.81199955940247}