{"_wandb":{"runtime":0},"Top-1 accuracy":52.82599999999999,"Top-5 accuracy":80.328,"_timestamp":1.7376483150382867e+09,"_runtime":0.801922868,"_step":0}