{"_step":0,"_runtime":1.01544573,"Raw vs. Projection Cosine Similarity Variance":2.384185791015625e-07,"Raw vs. Projection Cosine Similarity":1,"Pairwise Original Top-k Embedding Preservation":0.7630180419921875,"Candidate Preservation":0.99998259765625,"Modified Cosine Similarity":1,"Pairwise Modified Top-k Embedding Preservation":0.7629232177734375,"_wandb":{"runtime":1},"Modified Top-1 accuracy":63.29999566078186,"_timestamp":1.7430922298492873e+09,"Modified Top-5 accuracy":88.81199955940247}