{"Modified Top-5 accuracy":88.80599737167358,"_timestamp":1.7382666034314656e+09,"_runtime":0.787752174,"_step":0,"_wandb":{"runtime":0},"Modified Top-1 accuracy":61.30799651145935}