{"_step":0,"Top-1 accuracy":50.38399999999999,"Top-5 accuracy":78.392,"_wandb":{"runtime":0},"_timestamp":1.737615753266317e+09,"_runtime":0.549213371}