{"Modified Top-5 accuracy":88.80599737167358,"_timestamp":1.7382742997342558e+09,"_runtime":0.549393624,"_step":0,"_wandb":{"runtime":70},"Modified Top-1 accuracy":63.297998905181885}