{"_step":0,"Top-1 accuracy":1.1119999999999999,"Top-5 accuracy":2.964,"_timestamp":1.7376491454808338e+09,"_runtime":0.587247549,"_wandb":{"runtime":0}}