{"_timestamp":1.7382675425781648e+09,"_runtime":0.608793663,"_step":0,"Modified Top-1 accuracy":63.30599784851074,"Modified Top-5 accuracy":88.80599737167358,"_wandb":{"runtime":0}}