{"_wandb":{"runtime":0},"Top-5 accuracy":5.022,"_timestamp":1.7376442868154159e+09,"_runtime":0.748340759,"_step":0,"Top-1 accuracy":2.186}