{"Top-1 accuracy":27.616000000000003,"Top-5 accuracy":47.827999999999996,"_timestamp":1.7376302233322296e+09,"_runtime":1.154925203,"_step":0,"_wandb":{"runtime":1}}