{"_step":0,"_wandb":{"runtime":0},"Top-1 accuracy":7.268,"Top-5 accuracy":17.169999999999998,"_timestamp":1.7376550872366648e+09,"_runtime":0.605321215}