{"Top-5 accuracy":64.752,"_timestamp":1.737618799512149e+09,"_runtime":0.788769864,"_step":0,"_wandb":{"runtime":0},"Top-1 accuracy":39.716}