{"_step":0,"_wandb":{"runtime":0},"Modified Top-1 accuracy":51.832,"Modified Top-5 accuracy":77.756,"_timestamp":1.7380133166402538e+09,"_runtime":0.747342045}