{"_runtime":0.705873755,"_step":0,"Top-1 accuracy":2.018,"_wandb":{"runtime":0},"Top-5 accuracy":5.172000000000001,"_timestamp":1.7376368769122818e+09}