{"_runtime":1.5946238780000002,"_step":0,"_wandb":{"runtime":1},"Top-1 accuracy":7.739999999999999,"Top-5 accuracy":15.840000000000002,"_timestamp":1.7376516804919271e+09}