{"Modified Top-1 accuracy":37.296,"Modified Top-5 accuracy":79.656,"_wandb":{"runtime":0},"_timestamp":1.7379327082324452e+09,"_runtime":0.571521556,"_step":0}