{"_wandb":{"runtime":1},"Top-1 accuracy":56.586000000000006,"Top-5 accuracy":83.066,"_timestamp":1.7376217212274957e+09,"_runtime":1.008046416,"_step":0}