{"Modified Cosine Similarity":0.9812260841836735,"Modified Top-1 accuracy":62.69400119781494,"Candidate Preservation":0.981266484375,"Raw vs. Projection Cosine Similarity Variance":0.007213592529296875,"Pairwise Modified Top-k Embedding Preservation":0.63305615234375,"_step":0,"_runtime":0.520487943,"_wandb":{"runtime":0},"Modified Top-5 accuracy":88.81199955940247,"Raw vs. Projection Cosine Similarity":0.568359375,"_timestamp":1.7430911123223667e+09,"Pairwise Original Top-k Embedding Preservation":0.7630180419921875}