{"Top-1 accuracy":28.242,"Top-5 accuracy":51.205999999999996,"_timestamp":1.7376145148624854e+09,"_runtime":1.184713391,"_step":0,"_wandb":{"runtime":1}}