{"_runtime":0.55427107,"_wandb":{"runtime":0},"Modified Top-1 accuracy":63.297998905181885,"Modified Cosine Similarity":1,"Modified Top-5 accuracy":88.81199955940247,"Raw vs. Projection Cosine Similarity Variance":2.384185791015625e-07,"Pairwise Original Top-k Embedding Preservation":0.7630180419921875,"_timestamp":1.74309222612442e+09,"Raw vs. Projection Cosine Similarity":1,"_step":0,"Pairwise Modified Top-k Embedding Preservation":0.7629350537109375,"Candidate Preservation":0.99998474609375}