{"_wandb":{"runtime":0},"_runtime":0.56147702,"_step":0,"Top-1 accuracy":5.224,"Top-5 accuracy":14.940000000000001,"_timestamp":1.737639272364867e+09}