{"Pairwise Modified Top-k Embedding Preservation":0.7629342919921875,"Modified Cosine Similarity":1,"_step":0,"Modified Top-5 accuracy":88.81199955940247,"Candidate Preservation":0.999984736328125,"Raw vs. Projection Cosine Similarity Variance":0.0053558349609375,"_runtime":0.583848009,"_timestamp":1.7430671430180557e+09,"Pairwise Original Top-k Embedding Preservation":0.7630180419921875,"_wandb":{"runtime":0},"Raw vs. Projection Cosine Similarity":0.338623046875,"Modified Top-1 accuracy":63.297998905181885}