{"Top-1 accuracy":6.2379999999999995,"Top-5 accuracy":15.578,"_timestamp":1.7376366751990063e+09,"_runtime":0.628677032,"_step":0,"_wandb":{"runtime":0}}