{"_wandb":{"runtime":0},"Top-1 accuracy":38.344,"Top-5 accuracy":62.751999999999995,"_timestamp":1.7376272685076904e+09,"_runtime":0.594336227,"_step":0}