{"_step":0,"_wandb":{"runtime":0},"Modified Top-1 accuracy":36.25600039958954,"Modified Top-5 accuracy":88.80599737167358,"_timestamp":1.7382664843595574e+09,"_runtime":0.726068939}