{"_step":0,"_wandb":{"runtime":0},"Modified Top-1 accuracy":63.07799816131592,"Modified Top-5 accuracy":88.80599737167358,"_timestamp":1.7382674796351597e+09,"_runtime":0.598778895}