{"Modified Cosine Similarity":1,"Modified Top-1 accuracy":63.31599950790405,"Modified Top-5 accuracy":88.81199955940247,"_step":0,"_runtime":0.57581734,"_timestamp":1.7430921315108516e+09,"Raw vs. Projection Cosine Similarity":1,"Raw vs. Projection Cosine Similarity Variance":2.384185791015625e-07,"Pairwise Original Top-k Embedding Preservation":0.7630180419921875,"Pairwise Modified Top-k Embedding Preservation":0.7629214697265625,"_wandb":{"runtime":0},"Candidate Preservation":0.99998763671875}