{"Pairwise Modified Top-k Embedding Preservation":0.7629176318359375,"_timestamp":1.7430911185416718e+09,"Modified Top-5 accuracy":88.81199955940247,"Modified Top-1 accuracy":63.2860004901886,"Raw vs. Projection Cosine Similarity":1,"Pairwise Original Top-k Embedding Preservation":0.7630180419921875,"_runtime":0.727458869,"Modified Cosine Similarity":1,"_step":0,"Candidate Preservation":0.999989677734375,"_wandb":{"runtime":0},"Raw vs. Projection Cosine Similarity Variance":2.384185791015625e-07}