{"_wandb":{"runtime":0},"_runtime":0.614258891,"_step":0,"Top-1 accuracy":29.642000000000003,"Top-5 accuracy":50.498,"_timestamp":1.7376068100286183e+09}