{"_wandb":{"runtime":0},"Top-1 accuracy":57.962,"Top-5 accuracy":86.002,"_timestamp":1.7376296522999876e+09,"_runtime":0.547839734,"_step":0}