{"Modified Top-5 accuracy":88.80599737167358,"_wandb":{"runtime":18},"_timestamp":1.73827341267572e+09,"_runtime":0.568993878,"_step":0,"Modified Top-1 accuracy":63.30599784851074}