{"_step":0,"Modified Cosine Similarity":1,"Candidate Preservation":0.999984462890625,"_timestamp":1.7430927180232277e+09,"Pairwise Original Top-k Embedding Preservation":0.7630180419921875,"Raw vs. Projection Cosine Similarity":1,"_wandb":{"runtime":0},"_runtime":0.565213148,"Modified Top-5 accuracy":88.81199955940247,"Pairwise Modified Top-k Embedding Preservation":0.7629263134765625,"Modified Top-1 accuracy":63.29599618911743,"Raw vs. Projection Cosine Similarity Variance":2.384185791015625e-07}