{"_runtime":0.58456453,"_step":0,"Top-1 accuracy":12.178,"Top-5 accuracy":25.774,"_wandb":{"runtime":0},"_timestamp":1.7376075982446141e+09}