{"_wandb":{"runtime":0},"_runtime":0.5451572,"_step":0,"Top-1 accuracy":0.034,"Top-5 accuracy":0.16999999999999998,"_timestamp":1.7376062420862904e+09}