{"Pairwise Original Top-k Embedding Preservation":0.7363510791015625,"Modified Cosine Similarity":0.813347018494898,"_wandb":{"runtime":0},"Candidate Preservation":0.8133914453125,"Raw vs. Projection Cosine Similarity":0.365234375,"_timestamp":1.7430674315389814e+09,"Modified Top-1 accuracy":51.45599842071533,"Modified Top-5 accuracy":88.81199955940247,"_runtime":0.534333181,"Pairwise Modified Top-k Embedding Preservation":0.988554482421875,"Raw vs. Projection Cosine Similarity Variance":0.0058441162109375,"_step":0}