{"_timestamp":1.7379262937487583e+09,"_runtime":0.598161701,"_step":0,"_wandb":{"runtime":0},"Modified Top-1 accuracy":62.498,"Modified Top-5 accuracy":88.112}