{"Top-1 accuracy":9.46,"Top-5 accuracy":21.434,"_timestamp":1.737645279036865e+09,"_runtime":0.734916698,"_wandb":{"runtime":0},"_step":0}