{"Pairwise Modified Top-k Embedding Preservation":0.7629197314453126,"Raw vs. Projection Cosine Similarity Variance":2.384185791015625e-07,"Raw vs. Projection Cosine Similarity":1,"Pairwise Original Top-k Embedding Preservation":0.7630180419921875,"_step":0,"Modified Cosine Similarity":1,"_timestamp":1.7430916332691104e+09,"Modified Top-5 accuracy":88.81199955940247,"_wandb":{"runtime":0},"Modified Top-1 accuracy":63.293999433517456,"Candidate Preservation":0.99998650390625,"_runtime":0.563902244}