{"_wandb":{"runtime":0},"Top-1 accuracy":12.658,"Top-5 accuracy":24.626,"_timestamp":1.7376254324190001e+09,"_runtime":0.979562404,"_step":0}