{"Candidate Preservation":0.89549009765625,"_timestamp":1.743092822133194e+09,"_step":0,"_runtime":0.6964929,"Modified Cosine Similarity":0.8953981983418368,"Modified Top-1 accuracy":50.66399574279785,"Pairwise Original Top-k Embedding Preservation":0.7630180419921875,"Modified Top-5 accuracy":88.81199955940247,"Pairwise Modified Top-k Embedding Preservation":0.97427845703125,"Raw vs. Projection Cosine Similarity":0.5556640625,"Raw vs. Projection Cosine Similarity Variance":0.006072998046875,"_wandb":{"runtime":0}}