{"Modified Top-1 accuracy":54.501999999999995,"Modified Top-5 accuracy":80.882,"_timestamp":1.7380133148888373e+09,"_wandb":{"runtime":1},"_runtime":1.143869247,"_step":0}