{"_runtime":0.614236398,"Modified Top-5 accuracy":88.81199955940247,"Pairwise Original Top-k Embedding Preservation":0.7630180419921875,"_timestamp":1.743092715904e+09,"_step":0,"Pairwise Modified Top-k Embedding Preservation":0.7189648135375977,"Raw vs. Projection Cosine Similarity Variance":0.00266265869140625,"Candidate Preservation":0.79830421875,"Modified Top-1 accuracy":41.31399989128113,"Modified Cosine Similarity":0.798210299744898,"Raw vs. Projection Cosine Similarity":0.9482421875,"_wandb":{"runtime":0}}