{"Top-5 accuracy":81.15,"_timestamp":1.7376285211073632e+09,"_runtime":0.597723622,"_step":0,"_wandb":{"runtime":0},"Top-1 accuracy":54.076}