{"_wandb":{"runtime":0},"Top-1 accuracy":63.358000000000004,"Top-5 accuracy":88.804,"_timestamp":1.737606017990603e+09,"_runtime":0.547113145,"_step":0}