{"_step":0,"_wandb":{"runtime":0},"Top-1 accuracy":0,"Top-5 accuracy":0,"_timestamp":1.737633255392691e+09,"_runtime":0.606614522}