{"Modified Top-1 accuracy":63.29999566078186,"Raw vs. Projection Cosine Similarity":1,"Candidate Preservation":0.9999950390625,"_runtime":0.96221153,"Pairwise Modified Top-k Embedding Preservation":0.7629047900390625,"Modified Cosine Similarity":1,"Raw vs. Projection Cosine Similarity Variance":2.384185791015625e-07,"_timestamp":1.7430926255206323e+09,"_wandb":{"runtime":0},"Modified Top-5 accuracy":88.81199955940247,"Pairwise Original Top-k Embedding Preservation":0.7630180419921875,"_step":0}