{"Modified Top-5 accuracy":88.80599737167358,"_timestamp":1.73826752524277e+09,"_runtime":1.011990828,"_step":0,"Modified Top-1 accuracy":63.0840003490448,"_wandb":{"runtime":1}}