{"Modified Top-1 accuracy":63.312000036239624,"Modified Top-5 accuracy":88.80599737167358,"_timestamp":1.738267428407493e+09,"_wandb":{"runtime":0},"_runtime":0.567038018,"_step":0}