{"_timestamp":1.73826736700964e+09,"_runtime":0.676669305,"_wandb":{"runtime":0},"_step":0,"Modified Top-1 accuracy":63.20199966430664,"Modified Top-5 accuracy":88.80599737167358}