{"_runtime":0.526322634,"Modified Top-1 accuracy":63.29599618911743,"Modified Top-5 accuracy":88.81199955940247,"Raw vs. Projection Cosine Similarity":1,"Modified Cosine Similarity":1,"Pairwise Original Top-k Embedding Preservation":0.7630180419921875,"_timestamp":1.7430926215695584e+09,"_wandb":{"runtime":0},"Candidate Preservation":0.999981953125,"Pairwise Modified Top-k Embedding Preservation":0.7629307568359375,"_step":0,"Raw vs. Projection Cosine Similarity Variance":2.384185791015625e-07}