{"_runtime":0.549466398,"_step":0,"Top-1 accuracy":27.616000000000003,"Top-5 accuracy":47.827999999999996,"_timestamp":1.737611082686818e+09,"_wandb":{"runtime":0}}