{"_step":0,"_wandb":{"runtime":0},"Modified Top-1 accuracy":63.24799656867981,"Modified Top-5 accuracy":88.80599737167358,"_timestamp":1.7382675563560438e+09,"_runtime":0.593625346}