{"_timestamp":1.7430912100529091e+09,"Raw vs. Projection Cosine Similarity":1,"Modified Cosine Similarity":1,"Candidate Preservation":0.999982529296875,"Modified Top-1 accuracy":63.30599784851074,"Pairwise Original Top-k Embedding Preservation":0.7630180419921875,"Raw vs. Projection Cosine Similarity Variance":2.384185791015625e-07,"_runtime":0.505713319,"_step":0,"Pairwise Modified Top-k Embedding Preservation":0.7629230908203125,"_wandb":{"runtime":0},"Modified Top-5 accuracy":88.81199955940247}