{"_timestamp":1.7430926255440903e+09,"Candidate Preservation":0.99998576171875,"Modified Top-1 accuracy":63.312000036239624,"Raw vs. Projection Cosine Similarity Variance":2.384185791015625e-07,"Pairwise Modified Top-k Embedding Preservation":0.7629081005859375,"Raw vs. Projection Cosine Similarity":1,"Pairwise Original Top-k Embedding Preservation":0.7630180419921875,"Modified Cosine Similarity":1,"_step":0,"Modified Top-5 accuracy":88.81199955940247,"_wandb":{"runtime":1},"_runtime":1.004538844}