{"Modified Top-1 accuracy":61.52399778366089,"_wandb":{"runtime":0},"Modified Top-5 accuracy":88.80599737167358,"_timestamp":1.7382675596143975e+09,"_runtime":0.634142755,"_step":0}