{"Raw vs. Projection Cosine Similarity":0.80224609375,"Modified Cosine Similarity":0.8021279658590045,"Raw vs. Projection Cosine Similarity Variance":8.809566497802734e-05,"Pairwise Modified Top-k Embedding Preservation":0.907882900390625,"_timestamp":1.7430535769078145e+09,"Modified Top-1 accuracy":63.26599717140198,"_step":0,"_runtime":0.612358677,"Pairwise Original Top-k Embedding Preservation":0.7630180419921875,"Candidate Preservation":0.80212591796875,"Modified Top-5 accuracy":88.81199955940247,"_wandb":{"runtime":0}}