{"Top-5 accuracy":50.78,"_timestamp":1.737653676799383e+09,"_runtime":0.82128371,"_wandb":{"runtime":0},"_step":0,"Top-1 accuracy":29.909999999999997}