{"Top-1 accuracy":51.87199999999999,"Top-5 accuracy":80.202,"_timestamp":1.737625659233624e+09,"_runtime":0.645269777,"_step":0,"_wandb":{"runtime":0}}