{"Top-5 accuracy":15.58,"_timestamp":1.7376466942339592e+09,"_runtime":0.58164735,"_wandb":{"runtime":0},"_step":0,"Top-1 accuracy":6.236}