{"_runtime":0.648483185,"_step":0,"Modified Top-1 accuracy":0.486,"Modified Top-5 accuracy":1.7760000000000002,"_timestamp":1.7380162715109363e+09,"_wandb":{"runtime":0}}