{"_step":0,"_wandb":{"runtime":0},"Top-1 accuracy":49.03,"Top-5 accuracy":76.432,"_timestamp":1.7376250646100554e+09,"_runtime":0.990083665}