{"_step":0,"Top-1 accuracy":19,"Top-5 accuracy":35.568,"_wandb":{"runtime":0},"_timestamp":1.7376288669427865e+09,"_runtime":0.734057443}