{"Raw vs. Projection Cosine Similarity":0.80078125,"Raw vs. Projection Cosine Similarity Variance":8.922815322875977e-05,"Modified Cosine Similarity":0.959969453665675,"Candidate Preservation":0.9599653515625,"Modified Top-5 accuracy":88.81199955940247,"Modified Top-1 accuracy":62.00599670410156,"_wandb":{"runtime":0},"_runtime":0.687489068,"_step":0,"Pairwise Modified Top-k Embedding Preservation":0.79685005859375,"Pairwise Original Top-k Embedding Preservation":0.7363510791015625,"_timestamp":1.743089986928249e+09}