{"Top-5 accuracy":34.306,"_timestamp":1.7376388821618485e+09,"_runtime":0.788908674,"_wandb":{"runtime":0},"_step":0,"Top-1 accuracy":16.03}