{"_step":0,"_wandb":{"runtime":0},"Modified Top-1 accuracy":61.4300012588501,"Modified Top-5 accuracy":88.80599737167358,"_timestamp":1.738267456026747e+09,"_runtime":0.733751}