{"Top-1 accuracy":7.46,"Top-5 accuracy":15.290000000000001,"_wandb":{"runtime":1},"_timestamp":1.737641428568706e+09,"_runtime":1.278925525,"_step":0}