{"_wandb":{"runtime":0},"Top-5 accuracy":71.146,"_timestamp":1.7376201427439256e+09,"_runtime":0.61001828,"_step":0,"Top-1 accuracy":44.212}