{"_timestamp":1.7382675325621395e+09,"_runtime":0.874351464,"_wandb":{"runtime":0},"_step":0,"Modified Top-1 accuracy":62.68399953842163,"Modified Top-5 accuracy":88.80599737167358}