{"_timestamp":1.7376340927996526e+09,"_runtime":0.663649307,"_step":0,"Top-1 accuracy":7.739999999999999,"Top-5 accuracy":15.840000000000002,"_wandb":{"runtime":0}}