{"_runtime":0.52849877,"_step":0,"Modified Top-1 accuracy":63.29599618911743,"Modified Top-5 accuracy":88.80599737167358,"Modified Cosine Similarity":1,"_timestamp":1.73853210611465e+09,"_wandb":{"runtime":143}}