{"Modified Top-5 accuracy":88.806,"_timestamp":1.7379338476432905e+09,"_runtime":0.985377959,"_step":0,"_wandb":{"runtime":0},"Modified Top-1 accuracy":63.364}