{"Raw vs. Projection Cosine Similarity Variance":8.809566497802734e-05,"Modified Cosine Similarity":0.979251640183585,"_wandb":{"runtime":0},"Raw vs. Projection Cosine Similarity":0.80224609375,"_timestamp":1.7430899850929766e+09,"_step":0,"Pairwise Modified Top-k Embedding Preservation":0.80001357421875,"Modified Top-1 accuracy":63.33000063896179,"Modified Top-5 accuracy":88.81199955940247,"Pairwise Original Top-k Embedding Preservation":0.7630180419921875,"_runtime":0.605916647,"Candidate Preservation":0.9792473828125}