{"_runtime":0.5735734,"_step":0,"Top-1 accuracy":53.862,"Top-5 accuracy":81.978,"_timestamp":1.737624805255493e+09,"_wandb":{"runtime":0}}