{"_step":0,"Modified Top-1 accuracy":53.32599999999999,"Modified Top-5 accuracy":79.662,"_timestamp":1.7380133130169404e+09,"_wandb":{"runtime":0},"_runtime":0.807041235}