{"_wandb":{"runtime":0},"Pairwise Original Top-k Embedding Preservation":0.7630180419921875,"_runtime":0.570608253,"_timestamp":1.7430921270161424e+09,"Modified Top-1 accuracy":63.297998905181885,"Modified Cosine Similarity":1,"Pairwise Modified Top-k Embedding Preservation":0.7629320166015625,"Candidate Preservation":0.999984287109375,"Raw vs. Projection Cosine Similarity":1,"_step":0,"Raw vs. Projection Cosine Similarity Variance":2.384185791015625e-07,"Modified Top-5 accuracy":88.81199955940247}