{"_timestamp":1.737627947797192e+09,"_runtime":0.585528068,"_step":0,"_wandb":{"runtime":0},"Top-1 accuracy":38.234,"Top-5 accuracy":63.854}