{"_runtime":0.565793282,"_step":0,"Modified Top-1 accuracy":13.296,"_wandb":{"runtime":0},"Modified Top-5 accuracy":27.972,"_timestamp":1.7380170021218238e+09}