{"Modified Top-1 accuracy":53.714001178741455,"_wandb":{"runtime":0},"Modified Top-5 accuracy":88.80599737167358,"_timestamp":1.7382673980048683e+09,"_runtime":0.616455842,"_step":0}