{"Pairwise Original Top-k Embedding Preservation":0.7363510791015625,"_timestamp":1.7430669448457317e+09,"Candidate Preservation":0.800727451171875,"Modified Top-5 accuracy":88.81199955940247,"_runtime":0.589900746,"Modified Cosine Similarity":0.8007324873184671,"Raw vs. Projection Cosine Similarity Variance":8.922815322875977e-05,"Raw vs. Projection Cosine Similarity":0.80078125,"Pairwise Modified Top-k Embedding Preservation":0.897066669921875,"Modified Top-1 accuracy":62.02399730682373,"_step":0,"_wandb":{"runtime":0}}